,701_A53T
-2.0,-0.16015689928851634
-1.99,-0.17612369571032166
-1.98,-0.1864818826193569
-1.97,-0.19070486797834574
-1.96,-0.19033930127876492
-1.95,-0.18638124216797836
-1.94,-0.1779980440125491
-1.93,-0.16418784036132927
-1.92,-0.14651682027419943
-1.91,-0.12953302757249735
-1.9,-0.11815614909317501
-1.89,-0.11460051425940287
-1.88,-0.11734695264696882
-1.87,-0.12257728471746318
-1.86,-0.12681456245982173
-1.85,-0.1288181577244777
-1.84,-0.12945436029835022
-1.83,-0.1301824848530818
-1.82,-0.13188452872251297
-1.81,-0.13474348800324104
-1.8,-0.13853317099516768
-1.79,-0.14266490675842514
-1.78,-0.1459056276111137
-1.77,-0.14620343032131958
-1.76,-0.1413831779224223
-1.75,-0.13068589282633494
-1.74,-0.11578420660266833
-1.73,-0.10024378391399402
-1.72,-0.08811928003437536
-1.71,-0.08279629087264334
-1.7,-0.0861424419914979
-1.69,-0.0977155933296252
-1.68,-0.11440195290326749
-1.67,-0.13104283466886382
-1.66,-0.14221174861887664
-1.65,-0.14451839107166764
-1.64,-0.13790366741652893
-1.63,-0.12486267754646771
-1.62,-0.10856612489281248
-1.61,-0.09175981459941349
-1.6,-0.07689547285037068
-1.59,-0.06651653991032169
-1.58,-0.0631029790008451
-1.57,-0.06829508998640177
-1.56,-0.08196920837903368
-1.55,-0.10206047342582916
-1.54,-0.12545209029577095
-1.53,-0.1490077978434223
-1.52,-0.16988555722923393
-1.51,-0.18547255393487427
-1.5,-0.19362588634311467
-1.49,-0.19335803145650404
-1.48,-0.1857609457547203
-1.47,-0.17449672219696138
-1.46,-0.16473210766220886
-1.45,-0.16050902899299424
-1.44,-0.16254939215126052
-1.43,-0.16843367077819904
-1.42,-0.17481905802103198
-1.41,-0.17971154341999784
-1.4,-0.18312814889352153
-1.39,-0.18599090352234837
-1.38,-0.18859494412195588
-1.37,-0.1901450688158523
-1.36,-0.18936012132002517
-1.35,-0.1850990746932638
-1.34,-0.17683764102880595
-1.33,-0.16552204456370384
-1.32,-0.15418084496732826
-1.31,-0.1469303891669855
-1.3,-0.14639397581355013
-1.29,-0.15126699756177572
-1.28,-0.15601558174457697
-1.27,-0.15346018699606062
-1.26,-0.13881835452911473
-1.25,-0.1123748939444007
-1.24,-0.07915340058445419
-1.23,-0.046448742090021505
-1.22,-0.0209329314148166
-1.21,-0.0064454178850254645
-1.2,-0.003260099179836329
-1.19,-0.009077556677888426
-1.18,-0.020742720396568964
-1.17,-0.03531800588173911
-1.16,-0.050153868363506826
-1.15,-0.062455241316255766
-1.14,-0.06898770712497965
-1.13,-0.06664795082741254
-1.12,-0.05414696082470999
-1.11,-0.03364211740582518
-1.1,-0.010605335570370661
-1.09,0.008392891212542136
-1.08,0.01864801284795499
-1.07,0.01919748317898165
-1.06,0.012427031474792793
-1.05,0.001934257194399519
-1.04,-0.009316862271650891
-1.03,-0.01921186407663289
-1.02,-0.025798355277865073
-1.01,-0.02701322478102436
-1.0,-0.021230501411287434
-0.99,-0.00844437486542167
-0.98,0.008668761740244738
-0.97,0.025249204929880503
-0.96,0.03665585513113116
-0.95,0.04082211851055317
-0.94,0.03845745855511022
-0.93,0.031199128165443
-0.92,0.01949677522981598
-0.91,0.0019371483053438332
-0.9,-0.02337019705305006
-0.89,-0.05628238378905942
-0.88,-0.09292350992965936
-0.87,-0.12599819196239914
-0.86,-0.14691982536990336
-0.85,-0.1489796976916664
-0.84,-0.13025782939890448
-0.83,-0.0943861371802549
-0.82,-0.04846660804876626
-0.81,9.467277917188377e-05
-0.8,0.04545380531048966
-0.79,0.08329062774766241
-0.78,0.11007416121715868
-0.77,0.1232334354673878
-0.76,0.12266337886598128
-0.75,0.11189716711705106
-0.74,0.09682022497781999
-0.73,0.08239227166048196
-0.72,0.07015578643211483
-0.71,0.05823780114480938
-0.7,0.04321170631532703
-0.69,0.022536147110538085
-0.68,-0.0033287042166677827
-0.67,-0.029992103724085506
-0.66,-0.05006652124417088
-0.65,-0.055966025024026644
-0.64,-0.04377649648052856
-0.63,-0.01634602274437512
-0.62,0.016716132923554256
-0.61,0.042733794633377925
-0.6,0.05128967732446452
-0.59,0.038337031384652075
-0.58,0.007451508051103881
-0.57,-0.031984818041255164
-0.56,-0.06864273088940534
-0.55,-0.09321789285279905
-0.54,-0.10094275721393817
-0.53,-0.09227638744079508
-0.52,-0.07194917275793797
-0.51,-0.04671033147865955
-0.5,-0.02275208618443253
-0.49,-0.0039371666461250066
-0.48,0.008685770731072823
-0.47,0.015956946829270263
-0.46,0.018510536415902307
-0.45,0.014933937087692861
-0.44,0.002095848757333235
-0.43,-0.0222320765374098
-0.42,-0.05650061442291521
-0.41,-0.09435858068850553
-0.4,-0.12627950902922014
-0.39,-0.14337158945882456
-0.38,-0.14157571707602343
-0.37,-0.12375942891775388
-0.36,-0.09837666264369557
-0.35,-0.07548179092142335
-0.34,-0.06217691620446317
-0.33,-0.059815669925220555
-0.32,-0.06450874312231081
-0.31,-0.07034489088282006
-0.3,-0.07285374011152124
-0.29,-0.07057248306187089
-0.28,-0.06419426505269657
-0.27,-0.05417474748417425
-0.26,-0.03886676812953427
-0.25,-0.015256411587698415
-0.24,0.017915080200951852
-0.23,0.057306476969871074
-0.22,0.09487021501318024
-0.21,0.12082153000034973
-0.2,0.12817097382532017
-0.19,0.1163249316119019
-0.18,0.0916222378348772
-0.17,0.06473440431754207
-0.16,0.046599177586147025
-0.15,0.044382236588982854
-0.14,0.058525201682925514
-0.13,0.0823099317342631
-0.12,0.10478802850536277
-0.11,0.11582890947114266
-0.1,0.1105825556086855
-0.09,0.09109049049476894
-0.08,0.06444087363483605
-0.07,0.03898077944239707
-0.06,0.02122802664995277
-0.05,0.014707069366646341
-0.04,0.01965452825291751
-0.03,0.03264046212710138
-0.02,0.047035907731453296
-0.01,0.05558761427115661
0.0,0.05444261512298252
0.01,0.04610549216737252
0.02,0.03887129918903797
0.03,0.042488397097710955
0.04,0.0627974225230507
0.05,0.09894803245872223
0.06,0.14444245936811984
0.07,0.19066037751096482
0.08,0.23097650673857614
0.09,0.26375170280661714
0.1,0.29256030543280925
0.11,0.32333816577256935
0.12,0.36025420269214914
0.13,0.4027711255475472
0.14,0.445392507672175
0.15,0.48021209982559443
0.16,0.5007819183559057
0.17,0.5048849187430116
0.18,0.49491391872454255
0.19,0.4763717881939923
0.2,0.4554623303780865
0.21,0.43660461415517793
0.22,0.4209490391247762
0.23,0.4065802752401433
0.24,0.3900192959636719
0.25,0.3683064282974346
0.26,0.3410218815086681
0.27,0.3111323125153432
0.28,0.2838201981719063
0.29,0.2640847285298291
0.3,0.25482356507935816
0.31,0.2562629227168619
0.32,0.2663913825612897
0.33,0.2815706157461364
0.34,0.29685784985391694
0.35,0.3065964370234515
0.36,0.30625439268690857
0.37,0.2949846180471737
0.38,0.2766572376334438
0.39,0.25810756416660785
0.4,0.24589284713007314
0.41,0.24360584994482853
0.42,0.25081417188341004
0.43,0.26380232537308906
0.44,0.27748960279217305
0.45,0.2872288434215855
0.46,0.28972653102489604
0.47,0.2834353270988754
0.48,0.26882395686163646
0.49,0.24845459196047587
0.5,0.22686267381557784
0.51,0.21009960966700136
0.52,0.20440329910292254
0.53,0.21402551135129594
0.54,0.2392130879960471
0.55,0.2753416665564655
0.56,0.31373175973882766
0.57,0.3443080191152838
0.58,0.35929561584570685
0.59,0.35611646486195736
0.6,0.3381279008959283
0.61,0.3131223259211395
0.62,0.29007473838626596
0.63,0.27533506248044826
0.64,0.27050216769137336
0.65,0.27334282352882544
0.66,0.2803891751515185
0.67,0.2886423674879134
0.68,0.29545941951855254
0.69,0.29791174691456634
0.7,0.29345116453091424
0.71,0.28217488711337446
0.72,0.26852417519043514
0.73,0.2598401507714082
0.74,0.26230193701937454
0.75,0.2777651207370273
0.76,0.30389721016424676
0.77,0.3365622312554663
0.78,0.3718483907738354
0.79,0.40621500892094703
0.8,0.4352319487285509
0.81,0.4528800740215814
0.82,0.4530970765454842
0.83,0.43302045456672256
0.84,0.39554015993905073
0.85,0.34915217995883535
0.86,0.3047387314372123
0.87,0.2707789583547911
0.88,0.2500468380099563
0.89,0.24012107478855457
0.9,0.23672116915161515
0.91,0.23668194599745607
0.92,0.23872552950280065
0.93,0.24259529359292922
0.94,0.24783820631422573
0.95,0.25313851168532886
0.96,0.2565380750371171
0.97,0.25617819608355363
0.98,0.25112759002238905
0.99,0.24230284803161842
1.0,0.23306555901935688
1.01,0.22843803568991686
1.02,0.23287963923132105
1.03,0.24818484093801094
1.04,0.2728555557270832
1.05,0.30282979229701384
1.06,0.33283664848835337
1.07,0.35790047087971094
1.08,0.3748009187986449
1.09,0.38344289570476775
1.1,0.38758178378922187
1.11,0.3936572060304055
1.12,0.40752251588005367
1.13,0.4310877003451086
1.14,0.46125191956831246
1.15,0.49158424697964964
1.16,0.5156057634588913
1.17,0.5300400978486344
1.18,0.5361832014906265
1.19,0.538314909240354
1.2,0.5401740445365025
1.21,0.5419443082445771
1.22,0.5397707548839474
1.23,0.5283125608944585
1.24,0.5048300146791584
1.25,0.4717866465832218
1.26,0.43586370439037336
1.27,0.40439097367616317
1.28,0.38215355925940936
1.29,0.3705068950518444
1.3,0.3685663561530194
1.31,0.3748932205338506
1.32,0.3880794932890493
1.33,0.40607287968427913
1.34,0.425659617185908
1.35,0.44312470463254533
1.36,0.45542902863273466
1.37,0.4608891970113577
1.38,0.45934986365022834
1.39,0.45223204534024025
1.4,0.4424991452246824
1.41,0.4343820453894243
1.42,0.4324426196694212
1.43,0.43970260272965467
1.44,0.45585852866054033
1.45,0.4772860540150107
1.46,0.49897324213417066
1.47,0.5166924627507992
1.48,0.5279840372991604
1.49,0.5319810590106491
1.5,0.5288958896625853
1.51,0.5198835622583291
1.52,0.5072500962036455
1.53,0.4941558271803337
1.54,0.4834551644748165
1.55,0.476679990987463
1.56,0.474062510303542
1.57,0.47507109366586475
1.58,0.4786403784644152
1.59,0.4831497009734389
1.6,0.4864673863999552
1.61,0.4861689959654893
1.62,0.4801866978143735
1.63,0.46790651984413206
1.64,0.4509639915525042
1.65,0.4329999939657993
1.66,0.4183772718282609
1.67,0.41032483044036816
1.68,0.4093532144381361
1.69,0.4130042060697709
1.7,0.417152775056497
1.71,0.41782554032140184
1.72,0.41253011473374795
1.73,0.40092657408005944
1.74,0.38478654331603385
1.75,0.36717046895005984
1.76,0.35137811820997367
1.77,0.34027684046298157
1.78,0.33590338483401755
1.79,0.3392160730308985
1.8,0.3502035836892075
1.81,0.3680792018468423
1.82,0.39100973062308536
1.83,0.4157084232324289
1.84,0.4378246845137648
1.85,0.45342340332988884
1.86,0.46108535911393367
1.87,0.46365412488635904
1.88,0.4680960835906601
1.89,0.482585115457544
1.9,0.5121454995919876
1.91,0.5556201535924292
1.92,0.6058694084605101
1.93,0.6530592148669838
1.94,0.6890221133633481
1.95,0.7099654150219536
1.96,0.7162735399856301
1.97,0.7106801447442825
1.98,0.6967149592290771
1.99,0.6779274865300724
2.0,0.6575553862913053
2.01,0.638433751186402
2.02,0.6227950588591136
2.03,0.6117304966388752
2.04,0.604898016758707
2.05,0.6010547314044041
2.06,0.5988722776653546
2.07,0.5972076361758349
2.08,0.594904842694661
2.09,0.5906717802852997
2.1,0.5833896237553811
2.11,0.5729305444096209
2.12,0.5608422380520919
2.13,0.5498014155057432
2.14,0.5418486556710478
2.15,0.5368980987559372
2.16,0.5327646601772382
2.17,0.5265052993247652
2.18,0.515959713253866
2.19,0.5003657923203297
2.2,0.479839050072776
2.21,0.4549741310548228
2.22,0.4276702817561598
2.23,0.40196176654355725
2.24,0.38273565620115546
2.25,0.3725939508278841
2.26,0.36941920880638945
2.27,0.3666494300515109
2.28,0.35621229817935973
2.29,0.3324910002142807
2.3,0.29516558890496963
2.31,0.24963930874655763
2.32,0.20535725459156526
2.33,0.17288466400310948
2.34,0.16032159104632954
2.35,0.17013008104789223
2.36,0.19801304274650483
2.37,0.23447914655865837
2.38,0.26816157376415634
2.39,0.28944854311262336
2.4,0.29315893819186767
2.41,0.27940250268802524
2.42,0.25272073168419185
2.43,0.22028143210409562
2.44,0.1895817257118615
2.45,0.16609588873184628
2.46,0.15189163656970603
2.47,0.14580007247109217
2.48,0.14459591424021523
2.49,0.14457053971613953
2.5,0.14320256481790022
2.51,0.14012238956760653
2.52,0.1365420505564731
2.53,0.13376286844767932
2.54,0.1323131930076771
2.55,0.13236986021081323
2.56,0.13489909937900096
2.57,0.14250278572329167
2.58,0.15897326160756972
2.59,0.18730441404868683
2.6,0.22719749957936436
2.61,0.2736190772570505
2.62,0.31743149757738165
2.63,0.34827550806237184
2.64,0.3586423953550108
2.65,0.3467534726620741
2.66,0.3164258018083198
2.67,0.27463910175587825
2.68,0.22893450761279233
2.69,0.18574910994561722
2.7,0.1495085214319431
2.71,0.12217168299709014
2.72,0.10325634277377939
2.73,0.09065339222111903
2.74,0.08238673918214048
2.75,0.07832572049561555
2.76,0.08000970310386024
2.77,0.08832267691072335
2.78,0.10131882074590584
2.79,0.11463373808929271
2.8,0.12463884747238649
2.81,0.13215748285710227
2.82,0.14349837467345547
2.83,0.1668723969067941
2.84,0.2060389362111471
2.85,0.25602341110364446
2.86,0.304529186574089
2.87,0.33839690287905605
2.88,0.3509034933942874
2.89,0.3450028441519856
2.9,0.33035783627072124
2.91,0.31678221589958083
2.92,0.30916736239930803
2.93,0.3066391946232152
2.94,0.30484029584062317
2.95,0.2988992905950123
2.96,0.28560699583891447
2.97,0.2645418949476565
2.98,0.2386011719269925
2.99,0.21411982225442622
3.0,0.1996664403679714
3.01,0.20273665405070773
3.02,0.22564652936955276
3.03,0.2633800431752936
3.04,0.3051726839789399
3.05,0.3392650877100911
3.06,0.3581175133226567
3.07,0.3609485342103758
3.08,0.35259868098371466
3.09,0.3403604266123966
3.1,0.3306597706031213
3.11,0.32631636416490184
3.12,0.32527790718006155
3.13,0.3633513940524749
3.14,0.349318900255816
3.15,0.3255224031031218
3.16,0.2963055109214825
3.17,0.26890461402154453
3.18,0.2511993469110341
3.19,0.24945315966843723
3.2,0.265879284994356
3.21,0.2966112248250513
3.22,0.3317894607262102
3.23,0.3589540280053321
3.24,0.36827670768266096
3.25,0.3562270608277875
3.26,0.325704868906851
3.27,0.28359238019379374
3.28,0.23780307010999244
3.29,0.1952524046416393
3.3,0.1611634734608966
3.31,0.1390263391668252
3.32,0.13006454497661746
3.33,0.13227495775669548
3.34,0.11134401988017742
3.35,0.11836264216766573
3.36,0.12230987682320267
3.37,0.12191396802463694
3.38,0.1182219928756595
3.39,0.11249061958359823
3.4,0.10430586346061264
3.41,0.09149943953462032
3.42,0.07168032607832661
3.43,0.04412020789438519
3.44,0.011189470486427919
3.45,-0.021205285084899786
3.46,-0.044979634049932576
3.47,-0.05295668767258102
3.48,-0.0421499938258213
3.49,-0.015531529493871293
3.5,0.018580063131486524
3.51,0.04946688016119802
3.52,0.06815827317283937
3.53,0.07081129930799676
3.54,0.05982446438288402
3.55,0.042395228030085566
3.56,0.027041462721273002
3.57,0.019461583335787097
3.58,0.020046046230235176
3.59,0.024570030868048237
3.6,0.027161641747447687
3.61,0.023329739345960415
3.62,0.01158936975262953
3.63,-0.006528565676267417
3.64,-0.027385698620615045
3.65,-0.04600480936709561
3.66,-0.05649900794470922
3.67,-0.0531473300924209
3.68,-0.03252954238696418
3.69,0.004526621894113236
3.7,0.05270319792466462
3.71,0.10402951248783843
3.72,0.15093163344845573
3.73,0.18869656374628646
3.74,0.21579997109764798
3.75,0.23244634570816378
3.76,0.23910846798192378
3.77,0.2360124154179
3.78,0.2231422364269913
3.79,0.20043640419564784
3.8,0.16834008432153177
3.81,0.12858883367915883
3.82,0.08478503936303285
3.83,0.042268322294082436
3.84,0.006806999383544718
3.85,-0.017554803641905495
3.86,-0.030029753393876313
3.87,-0.03288444700370591
3.88,-0.029951395792210816
3.89,-0.024916762472115772
3.9,-0.019936976892797664
3.91,-0.015040044204088734
3.92,-0.008751195412415314
3.93,0.00044580092378779246
3.94,0.012742368210550359
3.95,0.026327606461959488
3.96,0.037758899483101266
3.97,0.04338983914745711
3.98,0.040819736851344275
3.99,0.029091341052076516
4.0,0.007882952616830585
4.01,-0.022825935539477482
4.02,-0.061820064322704565
4.03,-0.10505123131736621
4.04,-0.14477357334368757
4.05,-0.1707222533272179
4.06,-0.1734246183215929
4.07,-0.1481142582430243
4.08,-0.09731610304044222
4.09,-0.030962366503936523
4.1,0.036283637792363335
4.11,0.08984284459211112
4.12,0.1200722626974976
4.13,0.12472481198711477
4.14,0.10832548619498435
4.15,0.07951797265165217
4.16,0.047757980195778066
4.17,0.020689937292446545
4.18,0.00325730702358229
4.19,-0.0016923727830122082
4.2,0.007402128821124079
4.21,0.03100867468572062
4.22,0.06811588920400258
4.23,0.11554709649595224
4.24,0.16758422331507558
4.25,0.21677232593700474
4.26,0.2559412299503435
4.27,0.2804158107474296
4.28,0.2893208105738283
4.29,0.2852357661643775
4.3,0.27212081141665745
4.31,0.253019297353934
4.32,0.22981310295301394
4.33,0.2052185769250558
4.34,0.1843830367654951
4.35,0.1735662006793845
4.36,0.176295942616785
4.37,0.19001808763598443
4.38,0.20640051989111646
4.39,0.21565407871492376
4.4,0.21172082926099955
4.41,0.19474499611466145
4.42,0.1700016260495837
4.43,0.1446469425813627
4.44,0.12387021885184835
4.45,0.10816228498934141
4.46,0.09357591126845856
4.47,0.07523349780723496
4.48,0.051755895488144285
4.49,0.027493675737131948
4.5,0.010941281606298883
4.51,0.01019309217668174
4.52,0.02843302995778968
4.53,0.062418307946051715
4.54,0.104253612251365
4.55,0.14433102855253144
4.56,0.17360334291495735
4.57,0.18490938798560064
4.58,0.17381087565521341
4.59,0.13952656721049417
4.6,0.08609414944224335
4.61,0.022645852986728943
4.62,-0.038539329699702224
4.63,-0.085784771012407
4.64,-0.1116423972419949
4.65,-0.11474206290072864
4.66,-0.09920890434433047
4.67,-0.07209707351404993
4.68,-0.04047252855967201
4.69,-0.009807219582505328
4.7,0.01616254989294065
4.71,0.03502307889728477
4.72,0.045399077535008735
4.73,0.047224725110433276
4.74,0.042598093522930786
4.75,0.036204481161910634
4.76,0.034185642260651905
4.77,0.04175604743304815
4.78,0.060879965180107305
4.79,0.08910791733032565
4.8,0.12028499690374306
4.81,0.14717782444202282
4.82,0.1646544566498515
4.83,0.17153252527244797
4.84,0.17050564225193243
4.85,0.16668288272948092
4.86,0.16526298396721867
4.87,0.1691079449933226
4.88,0.1775016862909225
4.89,0.18683016355640852
4.9,0.19267371359867513
4.91,0.19216452026584943
4.92,0.18545577326337703
4.93,0.1755373371642601
4.94,0.16665043367426668
4.95,0.16237559257925044
4.96,0.16420078371808808
4.97,0.17096196363427177
4.98,0.1795482511784111
4.99,0.18662795041944125
5.0,0.19013015145962092
