,Isos,Fluo
0.1,0.12818720126242517,0.144632041337472
0.2,0.12696778712105689,0.14347404432014596
0.3,0.1262694729263383,0.14296490037050297
0.4,0.12607464482304073,0.14249824776909728
0.5,0.12593556962549324,0.1426154300200783
0.6,0.1257119901102069,0.14237037706012998
0.7,0.12556489994769834,0.14213725285904646
0.8,0.12513337049570505,0.14173807183866982
0.9,0.12457009747767966,0.14112419593201733
1.0,0.1242611340208616,0.14066624765896157
1.1,0.12402400195281012,0.14053132616114067
1.2,0.12371531394903593,0.140396679364901
1.3,0.12342565789660212,0.14026241284061972
1.4,0.12326353000769531,0.1400330741184456
1.5,0.12297291166488328,0.1398900255554842
1.6,0.1228177573671151,0.1396655316233121
1.7,0.12243635156726232,0.13931947083392374
1.8,0.12247714474487707,0.13925165897190525
1.9,0.12296458715747438,0.1397352390400453
2.0,0.12311713008517984,0.13970732773052827
2.1,0.12323771883349051,0.13989772351134377
2.2,0.12331796550165045,0.14002256319435702
2.3,0.12306310011028877,0.1396824645687272
2.4,0.12314823587469556,0.1397279113653693
2.5,0.1226409427542155,0.13931867505892723
2.6,0.12236405192857633,0.13891636385885223
2.7,0.12186716696533964,0.13869253278450913
2.8,0.12194323664694964,0.13862259855245024
2.9,0.12154573511570864,0.13839683370784628
3.0,0.12165625105449111,0.13835304981732502
3.1,0.12174897938918568,0.13834995294212546
3.2,0.12193575275965345,0.13856627266535732
3.3,0.12182180494248566,0.1385813312269727
3.4,0.12180474842799624,0.13840147058028174
3.5,0.12169584621538061,0.13837650421693176
3.6,0.12164691985610823,0.13830434846545483
3.7,0.12091158230465164,0.13772980065290844
3.8,0.12101399495159736,0.13775184333141163
3.9,0.1210110474359398,0.13787409240035015
4.0,0.12072177160272836,0.13726063844198014
4.1,0.12078338980660527,0.13750913858608987
4.2,0.1205859764499703,0.1372204708138712
4.3,0.12066339051767351,0.1371881399849398
4.4,0.12024432014667648,0.13719606065224427
4.5,0.12036624667695946,0.1371142305554896
4.6,0.12036531850468635,0.13726461452048885
4.7,0.1205081245327409,0.13738375205997638
4.8,0.12059662714150206,0.13754246729833577
4.9,0.12043656007393962,0.13726626694470254
5.0,0.12053987436041698,0.13726544050809436
5.1,0.12054368891097123,0.13742146331145513
5.2,0.12049927541762281,0.13718425749101068
5.3,0.12062617829354394,0.13731954099351332
5.4,0.12051107500836628,0.13726231123927707
5.5,0.12031156465472373,0.13719980042925922
5.6,0.12042937493206729,0.13728275735470788
5.7,0.12038721136193256,0.13719025425245576
5.8,0.12040274305349254,0.13698080943866794
5.9,0.11989364679102972,0.1367538236560675
6.0,0.12008368791386316,0.13699827384737512
6.1,0.12018308725806907,0.136935649581896
6.2,0.11948527765801155,0.13634317586350486
6.3,0.11956209580720556,0.13628619908543743
6.4,0.11959592993322915,0.136581668032708
6.5,0.11978327507967469,0.13677263262659245
6.6,0.11995810828003255,0.1367308088788449
6.7,0.11971876746225885,0.13655770133934517
6.8,0.11971690097555265,0.13655973951719116
6.9,0.11951935963125826,0.13648782392904923
7.0,0.11982959967096435,0.13665760343160957
7.1,0.1200361717661125,0.13668864089625135
7.2,0.1201597694499288,0.1367619872147094
7.3,0.12056667237403401,0.1371449177294878
7.4,0.12037201310256469,0.1369737734982537
7.5,0.12035293990929681,0.13683829793962823
7.6,0.1200848011758199,0.1368677155968163
7.7,0.12043944468248216,0.13691389619004832
7.8,0.12029650139452573,0.13707068179408669
7.9,0.120202384915521,0.13699499573729546
8.0,0.12034018527514634,0.13693277292886957
8.1,0.11997977091934058,0.13665718233583862
8.2,0.11987691712414626,0.1364558695562459
8.3,0.11983595528704326,0.13642972941080206
8.4,0.11953717760675882,0.13625768822581233
8.5,0.11934195703440797,0.135990158373695
8.6,0.11908450423940908,0.13584491218514314
8.7,0.1189983229795332,0.13569402406787137
8.8,0.11926563720673888,0.13586515931299376
8.9,0.11937311819537891,0.1360230479563333
9.0,0.11961751897135205,0.13599640783242256
9.1,0.11954067409907702,0.13626418118705677
9.2,0.11963330951123738,0.13628376586008084
9.3,0.1199261905638117,0.1363557649256796
9.4,0.11998596028022515,0.136546192435709
9.5,0.1199943899347066,0.13664946424490007
9.6,0.1199561624819639,0.13660684570510065
9.7,0.11991363264159616,0.13638376265926516
9.8,0.11951120219982916,0.1361303885520543
9.9,0.11952109865481635,0.13593794725000422
10.0,0.1191931940431503,0.13580872297894198
10.1,0.11910312262979454,0.1356868039694758
10.2,0.11879832490845048,0.13543019615350022
10.3,0.11917743451810699,0.13576865883969538
10.4,0.11927050858895628,0.13596809845489574
10.5,0.11929652909065774,0.13578966566470813
10.6,0.11947371749251447,0.1360914358057915
10.7,0.1197554775535909,0.13614954713589789
10.8,0.11947017156055882,0.13586897011676888
10.9,0.1191661490261709,0.13568722334005642
11.0,0.11945043678854828,0.1357380597628811
11.1,0.11948256106887097,0.13614986156079542
11.2,0.11932025500073395,0.13577000161917344
11.3,0.11939941481052027,0.13600919262804717
11.4,0.11931923959040752,0.13589664651274638
11.5,0.11947098881831571,0.1358627474368952
11.6,0.11967516663787568,0.13601662405709902
11.7,0.11978518190578949,0.1360802749394377
11.8,0.11988595845322296,0.13621128363839505
11.9,0.11963796137962569,0.13597791364341283
12.0,0.11939666150055134,0.13592146930822277
12.1,0.11935154503643916,0.13577341650285552
12.2,0.11929997556311304,0.13586243234595669
12.3,0.11965262699547546,0.13597079338747642
12.4,0.1195509719164293,0.13594395402518128
12.5,0.11936948329866409,0.13583619136411434
12.6,0.11919903011120303,0.13564780775603516
12.7,0.11913644135509023,0.13573237315528716
12.8,0.11925645389566902,0.13576190644820735
12.9,0.11934785050123621,0.13602159915185372
13.0,0.11945487012074203,0.13572014517118472
13.1,0.11892985533210627,0.13542727851274286
13.2,0.1187615517388278,0.13520313506253598
13.3,0.11901061406957668,0.13535793305759458
13.4,0.11862161545553901,0.13518583931347697
13.5,0.11866837616783646,0.13517801674508512
13.6,0.11861068175400082,0.1352881986546626
13.7,0.11904634612623632,0.13532281307551547
13.8,0.1192767394092127,0.13570227780603503
13.9,0.1193441605638605,0.13575158256838515
14.0,0.11939807692866662,0.1359965850666035
14.1,0.11958531071322659,0.1358779855609075
14.2,0.11970241382416072,0.13598388231060257
14.3,0.1197665730510787,0.13607960149327233
14.4,0.11989064773169926,0.13625434590923005
14.5,0.11963909056114946,0.13598093281329204
14.6,0.11906297420641641,0.1354951591052231
14.7,0.11902106193702909,0.13519923309194085
14.8,0.11875756684017623,0.13488579544777474
14.9,0.11851672524119149,0.13485283113267635
15.0,0.11842334420717603,0.13473048670770618
15.1,0.11860463929835714,0.13494970048712754
15.2,0.11893146912554099,0.1351419043466365
15.3,0.11902656321711803,0.13508193094419058
15.4,0.11860521050856983,0.1347304733030576
15.5,0.11809104424525697,0.1343815053793781
15.6,0.11837299010556863,0.13438136374239906
15.7,0.11856445146428661,0.13475479120303066
15.8,0.1186847017535433,0.1347978456240281
15.9,0.11858400097740272,0.13485170837592772
16.0,0.11863187040459208,0.13474401370624825
16.1,0.1185401836859966,0.13462781461693915
16.2,0.11880854839747843,0.13483363062973522
16.3,0.11855248001720556,0.13440395357161958
16.4,0.11840485153737246,0.1343632986701594
16.5,0.11838581118510823,0.1342896389528481
16.6,0.11838905253240224,0.13443032056262524
16.7,0.11836191961703182,0.1343776905307018
16.8,0.11784444755078767,0.13395818963915176
16.9,0.11767563998170676,0.1338837779615409
17.0,0.11790809733106457,0.13406525400597807
17.1,0.11823468566187041,0.13447414777869557
17.2,0.11843570846192779,0.1344824511961803
17.3,0.11848266358691356,0.13448303236058098
17.4,0.11823183953562562,0.13440300146406245
17.5,0.11796922724635901,0.13400406579195367
17.6,0.11831639431120933,0.134418074021596
17.7,0.1185332340926415,0.13437024842546472
17.8,0.11838892532625064,0.13435907043503537
17.9,0.11850882089649781,0.13446815541519325
18.0,0.1188181685696575,0.1346369958145603
18.1,0.11840783762386935,0.13424804965516185
18.2,0.11840100402889808,0.13437106836742815
18.3,0.11824185997503736,0.13427575432394717
18.4,0.11817828101889684,0.13402956577927502
18.5,0.11818679955708139,0.1340163275280898
18.6,0.11795351197130077,0.13392242168775464
18.7,0.11825939275906358,0.1340766611186348
18.8,0.11835108301452604,0.13427220436156762
18.9,0.11840258055341872,0.13421089779348896
19.0,0.11787183052482438,0.1338517852895211
19.1,0.11780144604517112,0.13374451206429763
19.2,0.11813933354072174,0.13421720242332136
19.3,0.11813754610743554,0.13415477466185866
19.4,0.11818781804189739,0.13415016688442885
19.5,0.11835508525470356,0.13430221266689063
19.6,0.11822612537054414,0.13421407047933606
19.7,0.11826842082995176,0.134079257815814
19.8,0.11845320091267833,0.13437025242872927
19.9,0.11855400353769736,0.13456149045736432
20.0,0.1184190456914865,0.13433452231144913
20.1,0.11843236911260696,0.13429673519936258
20.2,0.11843756220966122,0.1343122524456999
20.3,0.11864501118069166,0.1344928605548706
20.4,0.11891360964471093,0.13468837191831107
20.5,0.1188407567636462,0.1345504936172155
20.6,0.1184285454814848,0.1342864134804099
20.7,0.11864595609601447,0.13443166683129662
20.8,0.11828383525337981,0.13413670282949544
20.9,0.11831808773789818,0.13416128848330433
21.0,0.11811389196266252,0.13410252584649054
21.1,0.11829858570879065,0.13416422316790513
21.2,0.11826193428326565,0.13410420144035262
21.3,0.11809482079271565,0.13402364346740753
21.4,0.11817467239908842,0.13399915119744563
21.5,0.11819677170906964,0.13375827409919078
21.6,0.11786965413353459,0.1336751390278763
21.7,0.11776366054997199,0.1336726004247373
21.8,0.11794855067094868,0.1337560349187525
21.9,0.11775977172815055,0.13363385715431542
22.0,0.11769207673954601,0.13350365299939768
22.1,0.11814558046023774,0.13382886399909352
22.2,0.11848025302895596,0.1340359326751118
22.3,0.1184673692316667,0.13410370367158958
22.4,0.11818618877890107,0.1340950327589689
22.5,0.11811619617248413,0.13425303400111488
22.6,0.11851628535056918,0.13435269815788736
22.7,0.11897327670701605,0.13472918463108413
22.8,0.11902311415140152,0.1348642086674279
22.9,0.11854430651907036,0.13429927702707067
23.0,0.11832301467041297,0.13401790325960106
23.1,0.11807573961936117,0.13381583453880047
23.2,0.11840726913165886,0.13432500502553874
23.3,0.11815603960187897,0.13404034471933235
23.4,0.11781107324691774,0.13374047869606953
23.5,0.11802231409907125,0.13390907901506388
23.6,0.11798640985323874,0.13394493843162528
23.7,0.11825817061884791,0.13412872651232263
23.8,0.11860451991721016,0.1344571351448907
23.9,0.11851033185488356,0.1343759507950237
24.0,0.11875350746389189,0.13458012390653482
24.1,0.11856385961503219,0.13431436556492735
24.2,0.11850212876852186,0.1342283867223194
24.3,0.11868288271122118,0.13453938427768228
24.4,0.11903280194889383,0.13484014460058633
24.5,0.11892547872924007,0.1347906963503115
24.6,0.11894660908944309,0.13476003078027976
24.7,0.1190507218563658,0.13484003752674792
24.8,0.11924085747957022,0.13491347252592473
24.9,0.11928951042731119,0.1350964242069395
25.0,0.11925484501573676,0.13490776371443497
25.1,0.11935577287303624,0.13503688534073224
25.2,0.11881314512410496,0.13452753924968056
25.3,0.11834867563930697,0.13408559293016645
25.4,0.11829460061630351,0.1341562418682342
25.5,0.11826748948600296,0.13410773182258048
25.6,0.1183183470921744,0.13418669443879433
25.7,0.1184609945974434,0.13425314530442994
25.8,0.11857793617482022,0.13426780914555322
25.9,0.11833991720089819,0.13415535885126623
26.0,0.11821762123917749,0.13392224911902417
26.1,0.11829240134825807,0.13399453171656078
26.2,0.11823266062866093,0.1338689514398188
26.3,0.11835922005175394,0.1340748105427233
26.4,0.1183217720238853,0.13402683718998268
26.5,0.11843510306320071,0.1342644809471805
26.6,0.11850513443258125,0.13409177664186092
26.7,0.11852148424342214,0.13414138088506355
26.8,0.11855808370114393,0.13410299136546763
26.9,0.11864283461376089,0.13415893398145187
27.0,0.11896988683460226,0.13438361592317213
27.1,0.11882912362563411,0.13429316946490116
27.2,0.11878419615316997,0.13418222384127595
27.3,0.11856372394688446,0.13422174338582213
27.4,0.11861899917654473,0.13411187749993964
27.5,0.11840914925064609,0.13406058580050007
27.6,0.11838175825362654,0.13412160278606033
27.7,0.11831156640469598,0.13410631237287718
27.8,0.11837194307103595,0.1338617083286907
27.9,0.11808227764505534,0.13342306111457217
28.0,0.11812504359328796,0.13352793426633355
28.1,0.11818739710475415,0.13373412774553528
28.2,0.11823849368843542,0.1338161189919843
28.3,0.1182508253907517,0.1338509836012745
28.4,0.11823066578600618,0.1337786467240984
28.5,0.11826370001650689,0.13380117173566167
28.6,0.1180668464083105,0.13370827581009
28.7,0.11816971002597285,0.1337649791022272
28.8,0.1180130089927405,0.13296685685469173
28.9,0.11784213880241659,0.13345897995668285
29.0,0.11777609902641262,0.13350527082764155
29.1,0.11796106977901709,0.13356794290991114
29.2,0.11808702964657883,0.13350761049354729
29.3,0.11829324765523595,0.13385034736147639
29.4,0.1183656847346079,0.1337572867888174
29.5,0.11806196685206856,0.13354670299925586
29.6,0.11840775513281177,0.13364615657108986
29.7,0.11857303861891781,0.13385909122841874
29.8,0.11851627934773315,0.13381172886561835
29.9,0.11844832023171772,0.13386151381139427
30.0,0.11841019061885247,0.1337825345436112
30.1,0.11842853894898406,0.13375499870998206
30.2,0.11828599494724845,0.13367193646181127
30.3,0.11844307922288368,0.13377856859976986
30.4,0.11820007138394632,0.13343876394990314
30.5,0.11805054553389593,0.13359987838229836
30.6,0.11782025096798082,0.13322833376632714
30.7,0.11785772077419719,0.13333218674152447
30.8,0.11774893029723173,0.13302451270644267
30.9,0.11793553832737787,0.13317126196998313
31.0,0.11793664854501422,0.1330508084195849
31.1,0.1180322220676862,0.13322760025905855
31.2,0.11795270136303032,0.13311292849171266
31.3,0.11798107010475602,0.1331240839023671
31.4,0.11842052983083506,0.13377476781245362
31.5,0.11863374358355822,0.13385564315383505
31.6,0.11815957422068266,0.13354892859115133
31.7,0.11779273873629459,0.13314479437809854
31.8,0.1181589235541649,0.1335654618831287
31.9,0.11855086316768458,0.13371433911846325
32.0,0.11812077834045942,0.13348000248000336
32.1,0.11807856940375693,0.13347562193228094
32.2,0.11821954213256645,0.13356647137251174
32.3,0.11884113202603505,0.13412006119189163
32.4,0.11854601341080234,0.13373128862969452
32.5,0.11857075380836955,0.13378047164744558
32.6,0.11864279450897833,0.13390105695550517
32.7,0.11859415978251221,0.13380555363526184
32.8,0.11836028972762179,0.13368329034176638
32.9,0.11835610253968189,0.13369401010324022
33.0,0.11815410889598309,0.13355166830143506
33.1,0.11806038933435549,0.1334513168538866
33.2,0.11770334570005132,0.1332290428360824
33.3,0.11762385795083526,0.13314788906726174
33.4,0.11784028961012431,0.13316867209682323
33.5,0.11764425832126837,0.132902794689958
33.6,0.11813262626818725,0.13346978441930535
33.7,0.11808825284721713,0.13347569324721228
33.8,0.11783420050028524,0.13330146372750895
33.9,0.11770707036661725,0.13335156861981967
34.0,0.11784327340576663,0.13315147403622488
34.1,0.11780128177266734,0.13328033694999517
34.2,0.11800579177158155,0.13346012862841172
34.3,0.11821737313614908,0.13351559092159826
34.4,0.11799665310155302,0.1333850931553793
34.5,0.11781050708338153,0.1332395476957668
34.6,0.11792020043848354,0.13337831707444864
34.7,0.11816432326784118,0.13353913873011106
34.8,0.11818697507510713,0.13358759924109853
34.9,0.11773565833512034,0.13297460362265603
35.0,0.11765229735778444,0.1329713529153098
35.1,0.11778071301942404,0.13302599954038624
35.2,0.11773882158247445,0.13283832829809306
35.3,0.11791179918793156,0.13318166663315265
35.4,0.11794246951544346,0.13315977781439045
35.5,0.11792348083228375,0.13320709714786302
35.6,0.11767436559727319,0.1329990358143583
35.7,0.11762757731013758,0.1330248454049899
35.8,0.11792702121405244,0.13320956259488448
35.9,0.11782019596130701,0.13312909429680717
36.0,0.11794656977839557,0.13322969383833932
36.1,0.11782663479287059,0.13308405426541467
36.2,0.11745933624861503,0.13274425903557263
36.3,0.11755613896356369,0.13303246559310675
36.4,0.1176701978412789,0.1327426112206648
36.5,0.11763362776923023,0.13264860434033215
36.6,0.11757935347366734,0.13254112349449615
36.7,0.11747832790989134,0.13253853502131852
36.8,0.11743514618522982,0.13256972980350992
36.9,0.11741071874694431,0.13245913537298154
37.0,0.1172372400159336,0.13230263468211284
37.1,0.1172016561291358,0.13228979476330494
37.2,0.11711301800066512,0.1323102328809665
37.3,0.1174793596121822,0.13252505543574686
37.4,0.11757620891995778,0.13275259205122117
37.5,0.11802240807564456,0.13299900563205774
37.6,0.1181972920585769,0.1331477324328397
37.7,0.11814101933539485,0.13295281168208145
37.8,0.11845425184809492,0.13334678259281876
37.9,0.11852159126183243,0.13327308369846283
38.0,0.11805739929921127,0.13297769506136528
38.1,0.11799314589453629,0.1327852714074354
38.2,0.11772473446201408,0.13252551333471524
38.3,0.11772799690086137,0.1326112378631887
38.4,0.11783619610719512,0.13281333390326083
38.5,0.1175133073034738,0.1323663495669398
38.6,0.11751934055518566,0.1325364497622949
38.7,0.11765251306555334,0.13254378725369084
38.8,0.11740151475422937,0.13226832335671646
38.9,0.11660467927313356,0.13167984861108423
39.0,0.11694060964831318,0.13190454059040102
39.1,0.11723573194219432,0.13226790389370452
39.2,0.11777089422434105,0.13286070877763712
39.3,0.11776193236905562,0.13274890219155172
39.4,0.11748510560535305,0.13234555932182226
39.5,0.11742900677499504,0.13240063240010658
39.6,0.11733486039721248,0.13240434979578702
39.7,0.11732243445110015,0.13244764419386454
39.8,0.11780994320990804,0.13275521334166424
39.9,0.11820407354126278,0.13310234584361252
40.0,0.1180655628864402,0.13294051358169345
40.1,0.11824054649590396,0.13287657662764657
40.2,0.11793572166509246,0.1328883866619476
40.3,0.11782009775322139,0.13277637816547433
40.4,0.11802785744124485,0.13278716767820853
40.5,0.11832327365794643,0.13301829896052497
40.6,0.11816042494873326,0.13299725199028337
40.7,0.11782543326566637,0.13253067178471722
40.8,0.11765226971746041,0.13235476109529323
40.9,0.11779176726303202,0.13259970027220583
41.0,0.11790839607304478,0.13280023307120092
41.1,0.11796466270380271,0.1328922627746917
41.2,0.11803616368671303,0.1329867617054197
41.3,0.11792338453515544,0.13285653154472674
41.4,0.11808401620844955,0.13303124782422002
41.5,0.11797714864790035,0.13306119319338186
41.6,0.11808155696231964,0.13318328294169388
41.7,0.1178567705953328,0.13311598327993393
41.8,0.11795445862106044,0.13301122516597316
41.9,0.11801385565707004,0.13326094540915753
42.0,0.11824517771518837,0.1332776236464023
42.1,0.11835603598615935,0.13344332081646396
42.2,0.11845398954374742,0.1333522845847209
42.3,0.11837962365447159,0.13326417428606502
42.4,0.11817543963078503,0.1332206201221541
42.5,0.1182414380331934,0.13311837206073412
42.6,0.11804181013356863,0.1330966376166155
42.7,0.11804687261166671,0.1330582319579117
42.8,0.11773327836178107,0.13282726664481284
42.9,0.11754103172394237,0.1327935345388521
43.0,0.1178639425936732,0.13293745108028018
43.1,0.1179619781710439,0.13301033606366813
43.2,0.11792694154174248,0.13292694894351353
43.3,0.11784793105105157,0.13283069971541311
43.4,0.11814033982592378,0.13287983964884126
43.5,0.11812582658370431,0.1329700453304028
43.6,0.11801304538666006,0.1330970294183358
43.7,0.11780158151259335,0.13282730523042346
43.8,0.11806270633444142,0.13289360380574694
43.9,0.11833734793320898,0.13312030215177503
44.0,0.11828479951164578,0.1329931231992896
44.1,0.11852156531638745,0.13301179123306844
44.2,0.11851040890876668,0.13321653401610384
44.3,0.11853920268033123,0.13323529165943962
44.4,0.1185343195936422,0.13324802310073758
44.5,0.11851985289835705,0.13329535227765527
44.6,0.11864255815851306,0.13334568349555256
44.7,0.11877588273484802,0.13354487239371898
44.8,0.11874935031462734,0.13348652025808477
44.9,0.11861675835081376,0.13345968804429587
45.0,0.11875575462388664,0.13345669753903458
45.1,0.11886448757382642,0.13358423694846078
45.2,0.11893019260236672,0.1335025647889652
45.3,0.11900283354092779,0.13358401205860518
45.4,0.11869314741825786,0.1334092414493421
45.5,0.11818652514066286,0.13304670960690557
45.6,0.11780277055232387,0.13262800311045916
45.7,0.11765505856211324,0.13261146141975877
45.8,0.11757144040953763,0.13250455799118233
45.9,0.11744497212618829,0.1324024562536863
46.0,0.11814296793249882,0.13311682176758138
46.1,0.11873450819652687,0.13345698957788832
46.2,0.11868096648750119,0.13340904335888237
46.3,0.1189214976050103,0.13370559250133307
46.4,0.11918611603723511,0.1338036660804135
46.5,0.11900615749369721,0.13360099316370389
46.6,0.11907896093046241,0.1338728114727654
46.7,0.11879044411567324,0.13372024779825772
46.8,0.1187448680918686,0.133645404362479
46.9,0.11863152438635502,0.13327442341255125
47.0,0.11860085579055973,0.13324324219829503
47.1,0.1189448139957815,0.13352681974598318
47.2,0.11828979019100767,0.13294547610174298
47.3,0.11823358039980607,0.13292715003224223
47.4,0.11772881864153727,0.1326772881946286
47.5,0.11787521453038599,0.13249113978198296
47.6,0.11801565093445614,0.13266398810699268
47.7,0.11811424771345871,0.13308105640373363
47.8,0.1180824225134779,0.13326853565047111
47.9,0.11775265660691804,0.1328650382380339
48.0,0.1178969463207112,0.1329145433698593
48.1,0.11759630882431164,0.1327342038253145
48.2,0.1172674258027577,0.13245717070337543
48.3,0.11763719985058742,0.1327050476103403
48.4,0.11801582317832868,0.13313643172645637
48.5,0.1178653114919306,0.13311627798236242
48.6,0.11737593102217252,0.1325896935339896
48.7,0.11710167773687188,0.1325135065609531
48.8,0.1172736533215998,0.13247337355300087
48.9,0.11737738951507987,0.132602648025075
49.0,0.11720721248132876,0.1323863427752455
49.1,0.11722342451160218,0.13234949859072156
49.2,0.11695147465171364,0.13238455313070882
49.3,0.11685703783255785,0.13230612110465717
49.4,0.1169943371123035,0.1323021424387649
49.5,0.1167854213082014,0.132068027434729
49.6,0.1167766220825684,0.13211585459216454
49.7,0.1167074766420893,0.13195372383336068
49.8,0.11653677094209987,0.13186095321624972
49.9,0.11659895528952137,0.1319776176876612
50.0,0.11680045964382295,0.13221786860393833
50.1,0.11714494657237663,0.132530027996346
50.2,0.11736372150238536,0.13265026841554803
50.3,0.11722288300268838,0.1325435310829283
50.4,0.11725599349351505,0.13267195649051544
50.5,0.1173026686206542,0.13271152136292627
50.6,0.11710195828251055,0.13253897397860148
50.7,0.11714585667302368,0.13245924029806874
50.8,0.11737575186456344,0.13280980358109915
50.9,0.11749981733662275,0.1329880726433511
51.0,0.11744212458926556,0.13305926812749372
51.1,0.11730498491493832,0.13270280671692936
51.2,0.1174071793803886,0.13267999877901676
51.3,0.11763878626530572,0.13284710224160345
51.4,0.11834494285939937,0.1334036716001081
51.5,0.11858523040547307,0.1337275030817787
51.6,0.11831546684042772,0.13346723048222014
51.7,0.1183268376859264,0.1334887168420083
51.8,0.11788444341523874,0.1331796810955479
51.9,0.11778552380433963,0.13307681246692515
52.0,0.11777457246566844,0.13271016641575997
52.1,0.11755777072377144,0.1326989075581683
52.2,0.11778574984322344,0.1330470687263332
52.3,0.11779994956130668,0.13309476386099486
52.4,0.1177507046236691,0.13308848680399357
52.5,0.11768582004847594,0.13300803516562665
52.6,0.11771549599311128,0.13300519498406047
52.7,0.11747105665949718,0.13274881744447672
52.8,0.11749014918819703,0.13265583899194194
52.9,0.11795763997142511,0.13304035167792966
53.0,0.1181965819405155,0.13318806284955012
53.1,0.1184976972258582,0.13344787541151937
53.2,0.11826369851819236,0.1334250938351384
53.3,0.11824435268675175,0.13329724955299324
53.4,0.11811880746294501,0.13339844284439029
53.5,0.11806089964480114,0.13331909151371785
53.6,0.1181061315782384,0.13335762703448864
53.7,0.11826454322435949,0.13357624606551316
53.8,0.11865820372019321,0.13385037405543293
53.9,0.11851850712846601,0.13372839115251134
54.0,0.11844282027181954,0.1334231891265297
54.1,0.11889785830789164,0.1339063986009413
54.2,0.11871746884519759,0.133873765629375
54.3,0.1190423460958688,0.13400516627929937
54.4,0.11899675036266867,0.1338929778213053
54.5,0.11887986593801647,0.1338685693487197
54.6,0.11870912100118472,0.13371925349888572
54.7,0.11863353778933643,0.13353653964693749
54.8,0.1181099884861432,0.13333686734125907
54.9,0.11812000909448082,0.1333936369273651
55.0,0.1184576562418096,0.1336071615775605
55.1,0.11855967105696555,0.13369296526647081
55.2,0.11802353789580206,0.13320625462650293
55.3,0.11749164842369887,0.13256620371053005
55.4,0.117243273542381,0.13242302440947185
55.5,0.11718399522886364,0.13239323834832734
55.6,0.11719624611811363,0.13251279918585934
55.7,0.11733934461594221,0.1326232001789518
55.8,0.11731268260536482,0.13265361055627461
55.9,0.11744113996380105,0.13261991945360663
56.0,0.11757542982048184,0.13272155505717106
56.1,0.11780024938607413,0.13262312125445244
56.2,0.11783262031588994,0.13294300321042035
56.3,0.11791515207040004,0.1327870987004653
56.4,0.11797319889361052,0.13300876040336007
56.5,0.11814941027073503,0.13318046101718525
56.6,0.11808533740410075,0.13321622476043585
56.7,0.1177439673807067,0.1330565604500815
56.8,0.11768615980860776,0.13288372921198097
56.9,0.11776085838396089,0.1327957426983271
57.0,0.11758765065221251,0.13282964750370246
57.1,0.11779959281782565,0.13301805697505664
57.2,0.11777236239041097,0.1330699573416048
57.3,0.11782846392257752,0.1329926327154552
57.4,0.11806341551451556,0.13313221647199008
57.5,0.1183880805134097,0.1335329213877691
57.6,0.11850489431945183,0.13343352690077107
57.7,0.11821224572855513,0.13304643140055794
57.8,0.11786329037447825,0.13285868257354305
57.9,0.11803116703998234,0.1329457371556095
58.0,0.11786335162245269,0.1327121679751589
58.1,0.11795729156218576,0.1329770992061969
58.2,0.11828745636721656,0.1333559331008944
58.3,0.1185645647613737,0.13344511131795328
58.4,0.11840314274653987,0.13340832546051176
58.5,0.11864951279795329,0.1337552675404806
58.6,0.11863619155824165,0.13354100649910178
58.7,0.11874347633849182,0.1335085082169484
58.8,0.11879932294087668,0.13376995500641883
58.9,0.1192142411567384,0.13386519088323257
59.0,0.11910740800419094,0.13396144366464435
59.1,0.11917842025134583,0.13390196803409102
59.2,0.11893984236861166,0.1337146305614406
59.3,0.11861033624656368,0.13352416060521813
59.4,0.11873447509391301,0.13356211952005068
59.5,0.11869757435944706,0.13344536345176228
59.6,0.11872201016936534,0.1335714266087701
59.7,0.11868201449831758,0.1336674728522635
59.8,0.11869690854755238,0.13342104936131605
59.9,0.11879394657915003,0.13364896623554964
60.0,0.1187341592394444,0.13353093040405833
60.1,0.11876497157658353,0.13349022344886172
60.2,0.11877959286187531,0.13349309260876527
60.3,0.11879107624766005,0.13365271568182546
60.4,0.11891336040623611,0.1337423414524895
60.5,0.11880544755379441,0.1335589456593578
60.6,0.1188146915345327,0.13355243881778664
60.7,0.11879126175847995,0.1335700610933252
60.8,0.11882618692493109,0.13362427544506353
60.9,0.11881978256309672,0.1335768549694378
61.0,0.1187208832645451,0.13350324947264122
61.1,0.11877382330869532,0.13362195155038298
61.2,0.11858124285603068,0.13341951148112757
61.3,0.11860728688551715,0.13335961376384925
61.4,0.11802846745888106,0.13315154732691487
61.5,0.11815136858784873,0.13335770230476243
61.6,0.1184874448233414,0.13347054704218672
61.7,0.11853547854097946,0.1333812844660909
61.8,0.11860399632453417,0.13346774388946223
61.9,0.11856693044175713,0.1336512350509897
62.0,0.11857414610269124,0.1336243786780673
62.1,0.11863847257341949,0.1335781429013277
62.2,0.11864673933270592,0.13352724213149686
62.3,0.11876940902889366,0.13371687258442388
62.4,0.11870549661895506,0.13361173928875036
62.5,0.11800104770886313,0.1329547729053564
62.6,0.11773315583535703,0.1327265813685325
62.7,0.11742360507309312,0.13246932280489968
62.8,0.11762732381642177,0.1325621716104145
62.9,0.11781273122926457,0.13281669195914375
63.0,0.11780950959027232,0.13268254606941007
63.1,0.11779918981124111,0.13274096470934635
63.2,0.11805343008636206,0.13289288144320588
63.3,0.11799794766143762,0.132827238199421
63.4,0.1178714970785987,0.1329520451833746
63.5,0.11806875302683795,0.1330844924951569
63.6,0.11822151423824906,0.1330410719471703
63.7,0.11850737286007845,0.13314862822881826
63.8,0.11833751708114759,0.13331884780486375
63.9,0.11832756256247723,0.13309916103089064
64.0,0.11838962068442214,0.1333682393711807
64.1,0.11850649087870643,0.13319582023241103
64.2,0.11847107859670633,0.1333103612466969
64.3,0.11842792163882508,0.13339253528823142
64.4,0.11826456838566218,0.13334061193277089
64.5,0.11822213534571681,0.13308756166775743
64.6,0.11808190007845454,0.1330108039259414
64.7,0.11852686554065067,0.1333400553932576
64.8,0.11866009943991783,0.13371238281776748
64.9,0.11866902174347517,0.133427278560992
65.0,0.11849004457863713,0.1333344040804882
65.1,0.11864262401018989,0.13347359519653607
65.2,0.11871761203596583,0.1335057947626915
65.3,0.11854686730659883,0.13354547714684867
65.4,0.11878696136118168,0.13353090025352743
65.5,0.11852626965103484,0.13324545921854178
65.6,0.11843161600623077,0.13347498668650645
65.7,0.11857041663098489,0.133363597988813
65.8,0.11879637656348394,0.13343224150686037
65.9,0.11904983907353772,0.1338362071675867
66.0,0.11898708764277266,0.133562023080412
66.1,0.11874334625302436,0.1335280204173008
66.2,0.11876462562227444,0.1336167634468801
66.3,0.1188142823705707,0.13354031954398085
66.4,0.11881930560383887,0.13343595962026272
66.5,0.11858273250345205,0.1332857148449526
66.6,0.1187366716518123,0.13339072577515523
66.7,0.11885473965354466,0.13358878377745764
66.8,0.11902384172240785,0.1335274785212212
66.9,0.11929090384227277,0.13379373272539746
67.0,0.11984036509124453,0.13425395041282023
67.1,0.11994894857348948,0.13446408721996114
67.2,0.11989935662238346,0.13436618965703276
67.3,0.11940814191468065,0.13415196689697273
67.4,0.11908149753562482,0.1336866272205548
67.5,0.11920470646206663,0.1339040887812186
67.6,0.11964124887104641,0.13402409445960203
67.7,0.11950374732277533,0.13409520779414053
67.8,0.11912902568513066,0.13376223763422113
67.9,0.11839966162645119,0.13308724433198407
68.0,0.11802735079831923,0.13299458423570773
68.1,0.11799971041062152,0.13289490662190157
68.2,0.1180188415245601,0.13298926697541485
68.3,0.11825245235161644,0.13314855493025463
68.4,0.1180547492576969,0.13280294758652963
68.5,0.11795902006080426,0.13285177284475586
68.6,0.11797793043750683,0.13278494560754164
68.7,0.11830741191650018,0.13309524061415764
68.8,0.1184365091947196,0.1332050222879176
68.9,0.1186402632944804,0.1335473768972775
69.0,0.11863781093351579,0.1335605278172888
69.1,0.11855134073938901,0.1331631503185393
69.2,0.11844427767600671,0.13324027124960397
69.3,0.11866701808115913,0.13327099651204127
69.4,0.11876131044087461,0.13351749985765093
69.5,0.11845992798594968,0.1331326206307933
69.6,0.11818958943476127,0.13313699069178125
69.7,0.11829644101747994,0.13333015133635678
69.8,0.11835264023559303,0.1330783551001827
69.9,0.11805667760056206,0.13289901494625528
70.0,0.11820290053427374,0.13305690081773322
70.1,0.11860000510778652,0.1332250713128509
70.2,0.11872703126986943,0.13349225789348268
70.3,0.11864768115957118,0.13326181606284007
70.4,0.11854722780767317,0.1333036895932857
70.5,0.11887502480303466,0.13356978105208606
70.6,0.11917321637998647,0.13369445188662177
70.7,0.11877860222617892,0.13331081148224275
70.8,0.11886971448629856,0.1332033894597696
70.9,0.11870405137737838,0.13325191690222674
71.0,0.1182379660625216,0.13317661261956992
71.1,0.11820575226255563,0.13288699854064134
71.2,0.11825265483996371,0.1329177542596475
71.3,0.11809025579554637,0.1330225936300972
71.4,0.11809036302209074,0.13286275211627088
71.5,0.11799823893879893,0.13287336557836396
71.6,0.11805525590512443,0.13270948911398492
71.7,0.11812411004673276,0.13286146080887912
71.8,0.11791905292694049,0.1326456058554375
71.9,0.11800912118784969,0.13278906735756293
72.0,0.1181739237770932,0.13290950515316657
72.1,0.11813847457043139,0.13289531142844668
72.2,0.11795775649215731,0.1327766360508342
72.3,0.1180289880038245,0.13284809549304344
72.4,0.11820723011334591,0.13303457838861332
72.5,0.11850398147623499,0.13330260608977504
72.6,0.11846586377203928,0.13331614353897664
72.7,0.11861590663675257,0.13347306925892014
72.8,0.11869456502278858,0.13354894881921137
72.9,0.11879113393012165,0.13329726439986328
73.0,0.11847327598086403,0.13307988311940772
73.1,0.11839533411429612,0.13302907014790497
73.2,0.11855637876749843,0.13310676731732907
73.3,0.11883017354237614,0.13329395209283612
73.4,0.1186588056203672,0.13311592152831525
73.5,0.11876988697891999,0.1332703714854247
73.6,0.11914261778958941,0.13356184914850439
73.7,0.11908735966069013,0.13357946905842297
73.8,0.11896974249943365,0.1335322399812301
73.9,0.11902581558105242,0.133416357525212
74.0,0.11871957674862788,0.13320885209502725
74.1,0.11865987879095971,0.1331066559510896
74.2,0.11836776425801294,0.13296376209537855
74.3,0.11833233892747318,0.132913028670644
74.4,0.11838318904251292,0.1329776562260497
74.5,0.1184741701999351,0.13325490158621767
74.6,0.11861917614741219,0.133183940609479
74.7,0.11872889360058833,0.1333853960731986
74.8,0.1190697979495526,0.13369974579572405
74.9,0.11933815476315394,0.13376749975679328
75.0,0.11927286352945972,0.13375624309284873
75.1,0.1192074858439318,0.13370676397052056
75.2,0.11928863252661524,0.1335570653091386
75.3,0.11910311773434672,0.13355088496126705
75.4,0.11901183753763177,0.1335256654029144
75.5,0.11902374129936343,0.13364646554895637
75.6,0.11905560664934961,0.133596946736236
75.7,0.11866408174518607,0.13321468022200242
75.8,0.11881693780277132,0.1333646123775277
75.9,0.11889339474134723,0.13309078219543796
76.0,0.1185929146596624,0.1331049015069851
76.1,0.11820056891146942,0.13277434894159448
76.2,0.11809236286098022,0.13252645870349583
76.3,0.1180258203868487,0.1327401453145859
76.4,0.11838930712104499,0.13300691190646416
76.5,0.11826734250917696,0.13251614293404446
76.6,0.11796556418310747,0.1324421469845876
76.7,0.11848896423277645,0.13305535840393573
76.8,0.11875626244783807,0.133331255417522
76.9,0.1192174354008335,0.13351875010564968
77.0,0.11888216800109906,0.1334500264783395
77.1,0.11850052092768365,0.13313154011792472
77.2,0.11862875182448786,0.13331914917248047
77.3,0.1189965792469598,0.13342481929812536
77.4,0.11886295853158386,0.13331411477947414
77.5,0.11888720427580692,0.13322202875837527
77.6,0.11882638720017258,0.13330712932470737
77.7,0.11849829622309863,0.13307072409197548
77.8,0.11862617880012172,0.1331647720091096
77.9,0.11881365431700938,0.13339494449606976
78.0,0.11855316388789108,0.1334062343702143
78.1,0.11831212542971785,0.13310289405630565
78.2,0.11833327521592103,0.13329534479648444
78.3,0.11793890295244706,0.13292414976034608
78.4,0.11768816829987375,0.13266127729234786
78.5,0.11709199110017195,0.1322236181512358
78.6,0.11716447635174786,0.13224064516127307
78.7,0.11740747490419937,0.13255260111129946
78.8,0.11714525937034588,0.13223745917555316
78.9,0.11696441651493139,0.1319589554835386
79.0,0.11676290359310948,0.13168310047504428
79.1,0.11630749852620194,0.13139900805038293
79.2,0.11630896480228962,0.13154312627494277
79.3,0.1162103898030045,0.13135808692837014
79.4,0.11593190256214685,0.1312561771742767
79.5,0.11600802118025487,0.1312454610529863
79.6,0.11604050838372454,0.1311890908512021
79.7,0.1158730852631653,0.1311368270424545
79.8,0.11581161841568471,0.13107653291019503
79.9,0.11596106293409997,0.13126797272595275
80.0,0.11627705455061586,0.13139000632765327
80.1,0.11643870701259189,0.13155506794353322
80.2,0.11654941566293633,0.13172745278489378
80.3,0.1167403589567338,0.13170245512631898
80.4,0.1167607466765788,0.13196165779752375
80.5,0.11693672247869623,0.1319029902966179
80.6,0.11698168791386354,0.13202393855862352
80.7,0.11702176873697896,0.1318472306180197
80.8,0.11712072621059537,0.13197322100267958
80.9,0.11732386479589058,0.13227717009262002
81.0,0.11716618401464945,0.13227672821959688
81.1,0.117007941106748,0.13195754957399725
81.2,0.11726681328190042,0.13211659214662047
81.3,0.117407770369394,0.13211679482232766
81.4,0.11711374694760031,0.13222441422306977
81.5,0.11731448028929059,0.13242357590567794
81.6,0.11758405414490446,0.13258792397111485
81.7,0.11749103548475258,0.13262593013437618
81.8,0.11747380015872796,0.13264375858563415
81.9,0.11773346324594226,0.1328346464529738
82.0,0.11789928624890883,0.13289015722784073
82.1,0.1182861809014762,0.13308499865795528
82.2,0.11833718192693526,0.13312859928710716
82.3,0.11832867560610943,0.13318644407669966
82.4,0.1185447883492324,0.13340581106000865
82.5,0.11838913006013443,0.13297133867723174
82.6,0.11812071545833834,0.13270658648052377
82.7,0.1178220367009295,0.13260712899728566
82.8,0.11769440527606831,0.13234614481523893
82.9,0.11750670396090135,0.13247325758811285
83.0,0.11752450088152543,0.13226081163019207
83.1,0.11731763869443831,0.13222683287249842
83.2,0.11743232283895724,0.13240297476792706
83.3,0.11770286378770906,0.1325058351527059
83.4,0.11748449968813054,0.13233431320288272
83.5,0.11770383579521196,0.13261949933139058
83.6,0.11783733045621626,0.13281866398154737
83.7,0.11789412718670576,0.13286304120375023
83.8,0.11793390561472092,0.13290715842296763
83.9,0.11788353920169688,0.13274615049751362
84.0,0.11785939750277621,0.1328101789721797
84.1,0.11779173096460907,0.13274511783578488
84.2,0.11771764197156916,0.1324903046941971
84.3,0.11769376923705502,0.13248628378654584
84.4,0.11752705416382811,0.13238345499064508
84.5,0.11718124946863401,0.1322048680161698
84.6,0.11695642023279104,0.1320658953463474
84.7,0.11718264280488852,0.13215214813518059
84.8,0.11721884727429029,0.13219081200072294
84.9,0.11718351918335271,0.13232105061395627
85.0,0.11731032847629208,0.13217869127745965
85.1,0.11749313920264218,0.13240498059684244
85.2,0.11773354766483125,0.1325947323938571
85.3,0.11750157629411052,0.1323174092789254
85.4,0.11735885950311013,0.13209396466464718
85.5,0.11746189347538723,0.13214450146932918
85.6,0.11758673236848234,0.13240744615633257
85.7,0.11790746267152459,0.13276893704862563
85.8,0.11789315791325299,0.1327893199311867
85.9,0.11787199670012698,0.13269771767414665
86.0,0.11803858614726878,0.1328582627765168
86.1,0.1183751500870144,0.13304025983277423
86.2,0.11854446069013462,0.13316716471949908
86.3,0.1182162981267556,0.13268222838258797
86.4,0.11790748827362604,0.13257368848122525
86.5,0.11805209100684518,0.1325996897650175
86.6,0.1179701741285121,0.13273413606375067
86.7,0.11835513813556461,0.1330464460190164
86.8,0.11856802015358689,0.1330997943563686
86.9,0.11818737848810627,0.1329002569001225
87.0,0.11825009588415099,0.13290795384587162
87.1,0.1182374165512735,0.13292081058131947
87.2,0.11823672788182119,0.13297271293619845
87.3,0.11823119421640207,0.13300738966145076
87.4,0.11806577651048429,0.13289489693771953
87.5,0.11835452208771843,0.1329228776295869
87.6,0.11817363926011748,0.13292394871875424
87.7,0.11813638160378795,0.13283215033496212
87.8,0.11784982934865038,0.13265995195079883
87.9,0.11796017242946812,0.1326707175067615
88.0,0.11811777823428976,0.1329627610627038
88.1,0.11812718744831933,0.1329671830121738
88.2,0.11814896614581091,0.13307247607970074
88.3,0.11833891268462532,0.13314316250540623
88.4,0.11809930575934419,0.13279874263868288
88.5,0.11813875048646562,0.1328619880801113
88.6,0.11863104784868798,0.13307269035426555
88.7,0.118557258443734,0.13307191865493737
88.8,0.11870660166763802,0.13309468890189372
88.9,0.11875216598515483,0.13321107936196597
89.0,0.11860075039132868,0.1331132443784112
89.1,0.11851619309457387,0.13308062409023017
89.2,0.1185035002638628,0.13313210153444968
89.3,0.1185763149431605,0.13325500838887933
89.4,0.11849295856517576,0.13302728816557907
89.5,0.11844752421753757,0.13289434176451115
89.6,0.11817253394721787,0.13301837967485874
89.7,0.1184155007408747,0.13303711781560293
89.8,0.11848834545249859,0.13321834570097532
89.9,0.11853324157760009,0.13325494840181584
90.0,0.11837074365642905,0.13305064819667084
90.1,0.11873707755470161,0.13324430852650337
90.2,0.11874081856777327,0.13330749526579053
90.3,0.118416880318741,0.13298564136194074
90.4,0.11832786339764696,0.1330201077229724
90.5,0.11860720641348499,0.13327165695972906
90.6,0.11862017127199598,0.13306033191477523
90.7,0.11815468933934774,0.13277040417260386
90.8,0.1182990216524377,0.13295014471423497
90.9,0.11848045345755628,0.1329764739675116
91.0,0.11847104882881024,0.13288556644629998
91.1,0.11844439529283252,0.1330858760149476
91.2,0.11863561239067126,0.1330046128485281
91.3,0.11874902186860216,0.13317406285756023
91.4,0.1186511066636082,0.13312563397481136
91.5,0.11838072491067932,0.13301297515508784
91.6,0.11829276436839059,0.1331910488997228
91.7,0.11835656341778013,0.13319738655517843
91.8,0.11849285213868521,0.1330713545125757
91.9,0.11839143984491152,0.13301968504388037
92.0,0.11848284927839287,0.13294636140348773
92.1,0.1185638635210038,0.13288912433519268
92.2,0.1185400810743315,0.1329716192667371
92.3,0.11848240155655898,0.13303450823183915
92.4,0.11867074832028056,0.13327017380527478
92.5,0.11868170824417128,0.13313666150400721
92.6,0.11858508479292258,0.1330533204289722
92.7,0.11852221275810183,0.13323148252203942
92.8,0.11832162267079355,0.1329665839037954
92.9,0.11815767411309162,0.13286554329840478
93.0,0.11827649009722419,0.1328107595441374
93.1,0.11824219011042583,0.1328705224279329
93.2,0.11823832558470362,0.13262304450305148
93.3,0.11809224856351237,0.1328010547661385
93.4,0.1180551804176889,0.1326065207146146
93.5,0.11804884681460458,0.13249379093553712
93.6,0.11806406343911366,0.1324813748744615
93.7,0.11828166509812975,0.13269143132029126
93.8,0.11823135389755696,0.13284111175418434
93.9,0.11794697666678006,0.13267344494187014
94.0,0.11808087496236408,0.13269160391864154
94.1,0.11834042821526389,0.13289344962288915
94.2,0.1182452837354314,0.1327900966250081
94.3,0.11818215388638344,0.1328044954560841
94.4,0.11847723843640945,0.13308110629054187
94.5,0.11842550862529537,0.13308953515451738
94.6,0.11819487277016494,0.13279757887398425
94.7,0.11789422868152628,0.13254575692407428
94.8,0.11832829576082257,0.1327446354108903
94.9,0.11852211113686965,0.1327741293601949
95.0,0.11850750610762797,0.13270179429659004
95.1,0.11826040071186432,0.13253256194663426
95.2,0.11826866359047164,0.1327459816373897
95.3,0.11850087074369986,0.1328728416210589
95.4,0.11842860477326927,0.13301932523687904
95.5,0.11811386886545383,0.1326310914680022
95.6,0.11848269242378674,0.1329032550357191
95.7,0.11849871086349986,0.1329285604184653
95.8,0.11867290698324015,0.13296506776923142
95.9,0.1187360268410111,0.13309275188687655
96.0,0.11899451915731989,0.13330688854395625
96.1,0.11920110655884,0.13325294289726625
96.2,0.11909529215488313,0.13331085753239846
96.3,0.11931179811190847,0.13340981705221605
96.4,0.11921851652223418,0.133452229461962
96.5,0.11935722762447774,0.13345063471038718
96.6,0.1189729517989628,0.13307802534637422
96.7,0.11890589475132574,0.133134853971699
96.8,0.11898547040636756,0.13328664018170278
96.9,0.11878271253862537,0.13306834077588686
97.0,0.11819864640688894,0.13253233667013462
97.1,0.1182265613441784,0.13267477174423156
97.2,0.11827222110591669,0.1326508327167525
97.3,0.1182872490590408,0.13267216203307972
97.4,0.11847453392208296,0.13275479938490714
97.5,0.11837407575693008,0.13269800114891164
97.6,0.11868648340887875,0.1329222528263765
97.7,0.11877192959211874,0.13299117621484646
97.8,0.11880044007046654,0.13298994611416304
97.9,0.11890774476017335,0.133138473267331
98.0,0.11886052040998053,0.1330766168489017
98.1,0.1189265266746586,0.1330295984547876
98.2,0.11872933880967215,0.13292215723338147
98.3,0.118710166129794,0.13300708341869366
98.4,0.11873658924644846,0.1329308975368856
98.5,0.1186929897518813,0.13289648395180287
98.6,0.11871823862091381,0.13294741821831985
98.7,0.11886503320116346,0.13314344521438407
98.8,0.11875482594217714,0.13307441678823456
98.9,0.1187218755627733,0.1328547818308382
99.0,0.118586205780422,0.13287796444482272
99.1,0.11875481597628401,0.1330542397787314
99.2,0.1188668884753364,0.13306549334551246
99.3,0.11884958452661226,0.13302819276699582
99.4,0.11857906349920896,0.13285591587143283
99.5,0.11844811609561716,0.13287702974839713
99.6,0.11849044008465041,0.13273042110209116
99.7,0.11820730527345126,0.13282998063753418
99.8,0.11815389302519279,0.1327317357187178
99.9,0.11845534715058526,0.1329143211857978
100.0,0.11859424910021284,0.13285877832443688
100.1,0.11850671183290573,0.13271645199306217
100.2,0.11831006309757347,0.1328676799760865
100.3,0.11863499558912156,0.13294063106154466
100.4,0.11841028129610777,0.1328807458164424
100.5,0.11846775980846613,0.13284049386640853
100.6,0.1187513502343367,0.13307691296166765
100.7,0.11888647274235013,0.13304561018498706
100.8,0.11872791915663881,0.13279653636614014
100.9,0.11841500774947912,0.13257535066089876
101.0,0.11852603593285779,0.13265455407820806
101.1,0.11841865209253538,0.1326610436364516
101.2,0.11810977768073645,0.13231090584396088
101.3,0.1177882834791689,0.13223077817536957
101.4,0.11766849034241465,0.13203637441491414
101.5,0.11721669203095642,0.13169596608104547
101.6,0.11736678520256008,0.1316809222417981
101.7,0.11747411690712413,0.13169288683332922
101.8,0.11739581117440959,0.13173190335353394
101.9,0.11736379856599044,0.13180751308526586
102.0,0.11737459440235357,0.13178499793994305
102.1,0.11730845056210944,0.13178410885746497
102.2,0.11745444681662524,0.13195042663644907
102.3,0.11757074739106455,0.13187635539803708
102.4,0.11736550541638345,0.1317699935266304
102.5,0.11712031719562603,0.13183796040388604
102.6,0.11736105080193585,0.13180619004768263
102.7,0.11705152547429282,0.13144705062435041
102.8,0.1172101138919902,0.13162413991000932
102.9,0.11745807721851216,0.13190268154501428
103.0,0.11744645770810486,0.1319763295445273
103.1,0.11768616991971871,0.1319893851807142
103.2,0.11750668038479337,0.13201757999223396
103.3,0.117849237540745,0.13213315596258332
103.4,0.11787454702195825,0.132374842402422
103.5,0.11795548195484826,0.13229230291248828
103.6,0.117635394463196,0.1321047313306227
103.7,0.11771594602411554,0.1322119335533019
103.8,0.11783322470682782,0.13227930877698646
103.9,0.11765077935947789,0.13213845752651546
104.0,0.11727826686213456,0.13189256490140358
104.1,0.1173197208815863,0.1317977103312568
104.2,0.11724913735086588,0.1317018120197507
104.3,0.11721097215920895,0.13171224736963033
104.4,0.11710571322439414,0.1316615234712198
104.5,0.11690987765010975,0.13162682616949903
104.6,0.11701248482658155,0.13152976591564913
104.7,0.11703914550347846,0.1315648319310922
104.8,0.1171444006258092,0.1315450875433073
104.9,0.11714469980702756,0.13144479886587812
105.0,0.11736168716136783,0.13168744298165583
105.1,0.11731426730259249,0.13172306255904082
105.2,0.11734985325348915,0.13188036279696844
105.3,0.1173731575210151,0.13188374559477567
105.4,0.11739211427529783,0.13196671649473024
105.5,0.11751441843750073,0.13191906123410313
105.6,0.11728124568720852,0.13174415393185274
105.7,0.11725642185724168,0.13178204248117767
105.8,0.11737479102220116,0.13174174475781
105.9,0.11736843064011801,0.13198153883819602
106.0,0.11741856243742206,0.13189352686360922
106.1,0.11719813659440001,0.13164163295450218
106.2,0.11726573741465897,0.1317204617639108
106.3,0.11734369658361207,0.1317871183324215
106.4,0.11721057791417025,0.13181677477323803
106.5,0.11735670662084015,0.13171794092889216
106.6,0.11784064955411788,0.1320912545384677
106.7,0.1180282029320871,0.13237694210535333
106.8,0.1180355527754971,0.13226968485020515
106.9,0.11811552069043556,0.1324627236070151
107.0,0.11822799473318207,0.13233766672277086
107.1,0.11802418656185358,0.13227174783232998
107.2,0.11792249383187389,0.13214939186091312
107.3,0.1180957482645754,0.1321790805592931
107.4,0.11820680207764991,0.1322340951672555
107.5,0.11790318195590047,0.1319336855255002
107.6,0.11822419653324862,0.1322107251189375
107.7,0.11760735590154046,0.1318576851998772
107.8,0.11768721838930324,0.13185153475825667
107.9,0.11760934419697991,0.13180228237277675
108.0,0.11775294376433812,0.1320472247760862
108.1,0.11768984433064256,0.13208617754483068
108.2,0.11795806114031973,0.13209642064668164
108.3,0.11787724259954291,0.13215759386789638
108.4,0.11844392783135568,0.1325700869612606
108.5,0.11816695021520546,0.1324498824452871
108.6,0.11757870026469522,0.1317979931383146
108.7,0.11773673701686507,0.1320234826696064
108.8,0.11747239931922708,0.1319606269252526
108.9,0.11688268229481706,0.13143025445002815
109.0,0.11674118067161356,0.1314491865255282
109.1,0.11682348704232957,0.13127454420049953
109.2,0.1163612861048383,0.1310229033888064
109.3,0.11592503810140184,0.1307798836968462
109.4,0.11613320518362713,0.1305646775164904
109.5,0.11588868059214727,0.1304705335993753
109.6,0.11534500485559432,0.13005650372307653
109.7,0.1152372512730538,0.12996175449830602
109.8,0.11517973364812364,0.12995024293808471
109.9,0.1155223782463662,0.13003051269120947
110.0,0.11552165791627912,0.13011945187203927
110.1,0.11610223855744678,0.130588639334604
110.2,0.11624542007203506,0.13063330229922543
110.3,0.11603195288846757,0.13073658096985522
110.4,0.11609772579500341,0.1306477889619441
110.5,0.11620389460170513,0.1308608387341725
110.6,0.11604462311125058,0.1307588387731473
110.7,0.11603065670154653,0.130606950716003
110.8,0.11564280946656881,0.13052403492441728
110.9,0.1155899095729639,0.13047253120575836
111.0,0.11610263124951375,0.13088490437769493
111.1,0.11605107012441082,0.13075725867132307
111.2,0.1159795774972744,0.130759629013969
111.3,0.11609115907229779,0.13101987671756987
111.4,0.11645316035170981,0.13127767682465166
111.5,0.11632520764191598,0.13115437074912256
111.6,0.11622763953285498,0.13083284902837458
111.7,0.11642857199289515,0.13105268382954072
111.8,0.11642318597615611,0.1311478235000513
111.9,0.1165546180796894,0.13133695640630022
112.0,0.11698113493703131,0.13146061111830942
112.1,0.11698446520727221,0.13144040235728757
112.2,0.11697581143693553,0.1315383437635818
112.3,0.11721102492538023,0.13156449567984366
112.4,0.11727867256642496,0.1316231783219457
112.5,0.11725021115693172,0.13169473961915798
112.6,0.11749644226275192,0.13180713362818425
112.7,0.11731081711648432,0.13173250201867315
112.8,0.11730145596887387,0.1318128952585629
112.9,0.11759858386418555,0.1319533097433964
113.0,0.11750806002467554,0.13183923049318982
113.1,0.11722992159463728,0.13161069124003177
113.2,0.11727588927497846,0.13170388290268134
113.3,0.1170945996717135,0.13146807068519648
113.4,0.11723372202575098,0.13159056290949994
113.5,0.11736266156638095,0.1317174318170196
113.6,0.11753409267429368,0.13178457374261715
113.7,0.11743170203843487,0.13168680932856894
113.8,0.11757048579520368,0.13164618471963305
113.9,0.11764126695136139,0.13184040475893385
114.0,0.11788442196906844,0.13202974589958233
114.1,0.11783671286497602,0.13217131269685575
114.2,0.11786931361334428,0.13209457541924743
114.3,0.1179167327911778,0.13206297427514785
114.4,0.11806390985337056,0.13212726942906353
114.5,0.11815118689309753,0.1321695835317426
114.6,0.11789679898855014,0.1320548970938779
114.7,0.11773666939549524,0.13190149608701535
114.8,0.11783396104715617,0.13205446184562128
114.9,0.11788489566575937,0.13206197431658742
115.0,0.11754427398785554,0.13180803422240986
115.1,0.11724715805073618,0.13160032835205676
115.2,0.11731351783073324,0.13160084102548483
115.3,0.11758354613073285,0.13147832391543385
115.4,0.11752582053954216,0.1316507969344232
115.5,0.11747729060998176,0.13156035804488175
115.6,0.11771796937780442,0.1317805791677564
115.7,0.11812457732195741,0.1318849752193818
115.8,0.11821177887595435,0.13199364477687633
115.9,0.11810768841229163,0.13205559702653044
116.0,0.11814870021933084,0.13206407119930805
116.1,0.1182213042448328,0.13211639750662812
116.2,0.11806905525148564,0.1320013649023226
116.3,0.11804833883569388,0.13192934637318945
116.4,0.11812104381773884,0.1321288301314075
116.5,0.11806560582325759,0.1321802119951353
116.6,0.11794762941077662,0.1320032567812865
116.7,0.11810265364995753,0.1320977964668578
116.8,0.1180954791464977,0.1322067722273666
116.9,0.11789659580253029,0.13199750282194647
117.0,0.118081942061177,0.13192164086860664
117.1,0.11837255480983594,0.13211309508367086
117.2,0.11846262097351928,0.1322457925476222
117.3,0.11839080294894701,0.13223824840902682
117.4,0.11794136904890555,0.13191960961747592
117.5,0.11783364918582076,0.1317670658964168
117.6,0.11771892083499774,0.131509522253934
117.7,0.11727082269750894,0.13126300048849956
117.8,0.11722460176747022,0.1312911539324959
117.9,0.11738337964582415,0.13141604140221338
118.0,0.11764841924619451,0.1316428543450059
118.1,0.11746131055803063,0.13158357216911148
118.2,0.11749177184525465,0.13175515290827167
118.3,0.11791920523857838,0.13192791997012643
118.4,0.11809739442105878,0.1320283493104108
118.5,0.11813006013336212,0.1320821060564114
118.6,0.11835945235713337,0.13210140965421904
118.7,0.11841330670976896,0.13216548084397922
118.8,0.11856002144504516,0.13217945253201727
118.9,0.11848198357782735,0.1323232393883069
119.0,0.11841165849461883,0.13230328707481642
119.1,0.11817073171489503,0.13213310858920718
119.2,0.11758265976817726,0.13175401700892012
119.3,0.1176219442689973,0.13144086131751428
119.4,0.11743887075542858,0.13138316036080866
119.5,0.11713613459888392,0.1312281260003517
119.6,0.11707491402408864,0.13110505499768213
119.7,0.11697181502239837,0.13092932412708294
119.8,0.11679080651670792,0.13093058193628768
119.9,0.1172414864303864,0.13126156073923967
120.0,0.11726892037148468,0.1312578538891624
120.1,0.11721155409132208,0.13140852577802117
120.2,0.11747068700720216,0.13162238078725286
120.3,0.11761230548240846,0.13157463177361148
120.4,0.11763413329050074,0.13159288206787842
120.5,0.1175919013805066,0.13151526473226519
120.6,0.11710944019657758,0.1312352866658624
120.7,0.11713935338669702,0.1313684570374753
120.8,0.11726804142673743,0.13140528607299706
120.9,0.11716503967980522,0.13124242908165346
121.0,0.11723629728651465,0.1312899167484335
121.1,0.11724976706447768,0.13127225848182178
121.2,0.11734401641771172,0.13136143869715294
121.3,0.11728917968218475,0.13137020441841582
121.4,0.11735037207911013,0.13128212760582994
121.5,0.11772271148081741,0.13140647741357614
121.6,0.11765825512625276,0.13140494520364188
121.7,0.11771795841222345,0.13152429121981926
121.8,0.11761250733208815,0.13135317540149646
121.9,0.11775860941762577,0.13150029601523336
122.0,0.11774855271433832,0.13143655762083903
122.1,0.11772660196104816,0.131566254129841
122.2,0.11780367134747388,0.1316943709179441
122.3,0.11772163308611908,0.1315925871895419
122.4,0.1176430668645907,0.13160041222952662
122.5,0.11737367016333701,0.13137651394662042
122.6,0.11711738323451343,0.13109675555220035
122.7,0.11702915509496203,0.13102895532766276
122.8,0.11707116647821852,0.13128029892605303
122.9,0.11739045398397213,0.13135060054487901
123.0,0.11768218124212435,0.13144729464669563
123.1,0.11721976447038128,0.13135162022374824
123.2,0.11713630583403173,0.13105828700606748
123.3,0.11708332130208918,0.13103536106113806
123.4,0.11700972213340496,0.130820566022163
123.5,0.11661066496574714,0.13055897485919019
123.6,0.11626251010394782,0.13041275164178398
123.7,0.1164289816383009,0.13056655024154876
123.8,0.11655754685870164,0.13055069665997915
123.9,0.1167091405417687,0.13065114655513374
124.0,0.11664661259484307,0.13053445317794277
124.1,0.11662214229430654,0.1306685667980975
124.2,0.11681087041246085,0.13079477583159868
124.3,0.11686178420431004,0.13076942237334477
124.4,0.11664881036637768,0.1305859109194806
124.5,0.11674645000013441,0.1308193299443948
124.6,0.11669683749093954,0.1308566419603181
124.7,0.11664354113105833,0.13083585733533235
124.8,0.11662742249101862,0.1308712172359821
124.9,0.11677844218951865,0.1311025038920044
125.0,0.11711125856038879,0.13118461928703004
125.1,0.1172217433445808,0.1312367508544477
125.2,0.11729921108050047,0.13124756213818148
125.3,0.11762439160338138,0.1313357819720674
125.4,0.11728399132338208,0.13127424721966063
125.5,0.11750949090512122,0.13139257077905347
125.6,0.11734178459245939,0.1312541927774247
125.7,0.11700922283302576,0.1307983131137389
125.8,0.11726712541049104,0.13104090502694746
125.9,0.11718323288825382,0.13086967866269927
126.0,0.11708443767282552,0.13099563513392407
126.1,0.1166193491353914,0.13048654877834148
126.2,0.11661385886974487,0.13042283321349607
126.3,0.1166685945215527,0.13053655225927002
126.4,0.11664314607695221,0.1304171943953841
126.5,0.11679149063897956,0.13081903494498667
126.6,0.11699676682885402,0.13085716048168866
126.7,0.11709300339133893,0.13077936855273728
126.8,0.1174222163173943,0.13103479838778676
126.9,0.11783963368278932,0.1313342471438331
127.0,0.11750743666797274,0.13128808542405182
127.1,0.11760711657061287,0.13145797729841094
127.2,0.1176286819839564,0.13138291845442215
127.3,0.11779977070619563,0.1313456863979904
127.4,0.1173621945506695,0.1311408200025943
127.5,0.11756564013089296,0.13124157567093145
127.6,0.11746788338601968,0.13108056268450446
127.7,0.11765886177392351,0.1312133290366971
127.8,0.11746886914452966,0.1309739202228849
127.9,0.11747303967877964,0.13091806458358135
128.0,0.11746434965740732,0.13105089054566316
128.1,0.11733167214451552,0.1309364316965998
128.2,0.11743512717302838,0.13102693966732146
128.3,0.11730202142855785,0.131007583616656
128.4,0.1174783973429509,0.13114855995702182
128.5,0.11711846386617705,0.13097455770336522
128.6,0.11681322053071293,0.13068328858682926
128.7,0.11664960552914594,0.13049621542473405
128.8,0.11660361257345532,0.13041769001726672
128.9,0.11709398630620854,0.13083553641261758
129.0,0.11712341308117843,0.1309469870492217
129.1,0.11715462466001196,0.1309238983900835
129.2,0.11714733049587378,0.13073149266437556
129.3,0.11693089531449034,0.13082382568600376
129.4,0.11735268726932041,0.13116733337984773
129.5,0.11767693481495917,0.13142795513806627
129.6,0.11783246381476403,0.13154691039105398
129.7,0.1174244577517333,0.13129768360053395
129.8,0.11742617644295218,0.13122358481838575
129.9,0.11786036672129466,0.13137029601597575
130.0,0.11766455151819671,0.13120961778690943
130.1,0.11756855965964487,0.1310421432691642
130.2,0.11715585869518307,0.13102345667577836
130.3,0.11709324853865086,0.13079845121809203
130.4,0.11653660630171948,0.13052201333124047
130.5,0.11638543459037086,0.13015763576379522
130.6,0.11644761847346806,0.13024639784569325
130.7,0.11659208834599223,0.13053930345011538
130.8,0.11667159902079867,0.13049789276121096
130.9,0.11668441119095815,0.1304111818331553
131.0,0.11651461221752833,0.1304455218505914
131.1,0.1170248169178359,0.13100698526209772
131.2,0.11721608124331741,0.13106288504760097
131.3,0.11710125491413688,0.13093782202737678
131.4,0.11722631295441865,0.13109562339663638
131.5,0.11750038894569177,0.13121524200690773
131.6,0.11753153542929393,0.13101639741136456
131.7,0.11737207238888289,0.1308895303017286
131.8,0.11734177042256932,0.13084690807804744
131.9,0.11756182642475661,0.13096044066141144
132.0,0.1174217795486568,0.1307693713894126
132.1,0.1174850279438944,0.1308902716252996
132.2,0.11757683818031296,0.13098389549445258
132.3,0.11758599708256884,0.1311203759196839
132.4,0.11733439852739715,0.13103655857473465
132.5,0.11746772343230329,0.1307908363028179
132.6,0.11728509263501286,0.1309746164061687
132.7,0.11726205160383218,0.1307784154952109
132.8,0.11716062347712532,0.1307276274309598
132.9,0.11718630446712591,0.13065061854800722
133.0,0.11732875449375027,0.13090380156059545
133.1,0.11741625717452975,0.13074688510300114
133.2,0.11754284077714522,0.13084097053564378
133.3,0.1174246655411543,0.13084771411821414
133.4,0.11727424291916692,0.13078783263067456
133.5,0.11743368923831769,0.13085242382663875
133.6,0.11736546312226717,0.13084231896413098
133.7,0.11717114992068885,0.13058383241969806
133.8,0.11705977639624435,0.13069950432029023
133.9,0.11720781888692479,0.13087388093153507
134.0,0.11727424327041566,0.13083169523002458
134.1,0.11749594320340588,0.13110000535737257
134.2,0.11751782619983128,0.1310492239320769
134.3,0.11735559475471258,0.13106025859928255
134.4,0.11756810436731745,0.13115182518346705
134.5,0.1177159414999529,0.13131511366341783
134.6,0.11761802769232962,0.13129283496363783
134.7,0.1177949234640146,0.1311765678777886
134.8,0.11776973251777959,0.1310627678714887
134.9,0.11792970126488618,0.13118992218634132
135.0,0.11775020217982556,0.13102944094633964
135.1,0.11740443832846667,0.13104093067285638
135.2,0.11721669252887536,0.13085601953179185
135.3,0.11753053773233682,0.13092303911528946
135.4,0.11700617157122754,0.13055481584539902
135.5,0.11701430256180298,0.13058695404013834
135.6,0.11694716315885194,0.1305892670327952
135.7,0.11685525426518387,0.13047586411574025
135.8,0.11668521005489034,0.1302270944572803
135.9,0.1166689312861878,0.13054155937583298
136.0,0.11691032315090785,0.1305827837440479
136.1,0.11742557555636862,0.13082504124725158
136.2,0.11742059685473093,0.13086974664844525
136.3,0.1175126142074103,0.13095542679002245
136.4,0.11746960003380369,0.13093064052438474
136.5,0.11748154169321234,0.1310502864766459
136.6,0.117763693773746,0.13113511977702663
136.7,0.11764936756099043,0.13109545176320936
136.8,0.11775543646026075,0.13115309656467117
136.9,0.11779882897870882,0.13137168840185862
137.0,0.1176568595898436,0.13107374093383178
137.1,0.11774292610138352,0.13122617710746354
137.2,0.11778455542867675,0.13118720437114006
137.3,0.11763903594200237,0.13098289917823194
137.4,0.11781118150678832,0.13107784027912733
137.5,0.1171653462986315,0.1306682505607271
137.6,0.11704944282353513,0.1304851907893352
137.7,0.11670307165305506,0.13009681354236766
137.8,0.11714647256792914,0.13054979974906694
137.9,0.11669413971889868,0.13007032900568585
138.0,0.11693318359811498,0.130420414021894
138.1,0.11681837535105978,0.13021524639310525
138.2,0.11745380337725,0.1309705558360591
138.3,0.11724768081772054,0.1307184406018078
138.4,0.1173355184824334,0.13065437759890874
138.5,0.11660704371339566,0.13039258685838975
138.6,0.11587550841945946,0.12992278316014053
138.7,0.11620362325565489,0.12999868452238394
138.8,0.11582692914884346,0.1295905027340767
138.9,0.11585819510691159,0.12958483992830425
139.0,0.11618533467686046,0.12981854932188494
139.1,0.11600128013304153,0.12969242994889846
139.2,0.11591363128534563,0.12979850189116815
139.3,0.11549432465226142,0.12948472579866327
139.4,0.11594411076644096,0.1295579867516511
139.5,0.11608549293091801,0.1296838086678276
139.6,0.11642353352658313,0.1297880564818778
139.7,0.11610316709504634,0.12973020652640427
139.8,0.11628189555426849,0.1297453497766606
139.9,0.11630896867106408,0.1296370058718193
140.0,0.11627077317076147,0.12970991349344674
140.1,0.11603357161045844,0.1294736995066962
140.2,0.11554000014653201,0.12926673341132947
140.3,0.11589015660543561,0.12940845610441837
140.4,0.11566161752053228,0.129157836233988
140.5,0.11532483152733879,0.12899018308696586
140.6,0.1156152682968931,0.1290354912377424
140.7,0.11581881733317927,0.12932696270700444
140.8,0.11577655750667976,0.12918184398940866
140.9,0.11572046211251642,0.1294034494591063
141.0,0.11610426779630104,0.12982291039486124
141.1,0.11636430247814752,0.12990278330093424
141.2,0.11638079931032666,0.12995401253383773
141.3,0.11623598273679492,0.12994699375354712
141.4,0.11663825221571451,0.13015348271815547
141.5,0.11655228175362878,0.13016027128416074
141.6,0.116745115057977,0.13023922987518038
141.7,0.11682965679021216,0.13043102638584944
141.8,0.11712863296902,0.13057191099340726
141.9,0.11741337062923474,0.13074903329053042
142.0,0.11742023290122955,0.1306389478661082
142.1,0.11741012743705462,0.13070636877466452
142.2,0.11747581338395087,0.13066428658377377
142.3,0.11738969971135117,0.1305428985187265
142.4,0.11696318801430039,0.13027598280602018
142.5,0.11683061265025044,0.13012418789705174
142.6,0.11688728238807077,0.1303393955057677
142.7,0.11675127808330699,0.13030422050003632
142.8,0.11680599113587413,0.1302984585736091
142.9,0.11685681022102988,0.1303856179178676
143.0,0.11703243596548006,0.13034869716707123
143.1,0.11684531869122379,0.13033094095059733
143.2,0.11664337590940949,0.13014041616347957
143.3,0.11692232979740243,0.13030300731388358
143.4,0.11697803795161729,0.13028460556530247
143.5,0.11679000803935159,0.1301981723976563
143.6,0.1165813308665386,0.13029002064751452
143.7,0.11654448680898878,0.13008284002296325
143.8,0.11632297507290672,0.13005824477591105
143.9,0.11637436829664664,0.12986299381289326
144.0,0.11619881334183794,0.12989967312669298
144.1,0.11632031000542516,0.12999561681439306
144.2,0.11651028103192373,0.13010216652770917
144.3,0.11676907955621701,0.1300762050414631
144.4,0.11687490334922059,0.1303485506617928
144.5,0.11723202994087382,0.13066551897509657
144.6,0.11718414948432704,0.13044428012575637
144.7,0.11698845921099033,0.13018610748078013
144.8,0.1170038520635983,0.1301996756356964
144.9,0.1170614965637653,0.13028460589026214
145.0,0.11712895463011168,0.13039245867822752
145.1,0.11683053244620147,0.13024913268553753
145.2,0.11674288169717158,0.13034893452799962
145.3,0.11724908279799665,0.1306122510163775
145.4,0.11706472857190714,0.13053649601956432
145.5,0.1166017391724491,0.13030666710014688
145.6,0.11677660388347755,0.13051087842738343
145.7,0.11648432367203171,0.1301928538751568
145.8,0.11676742931742631,0.13034564731504922
145.9,0.1168919723561774,0.13045121764567336
146.0,0.11714755840173514,0.1306075416510693
146.1,0.11731749926396158,0.13080865126037491
146.2,0.11749419276195817,0.1308822977849123
146.3,0.11751506815083934,0.13090848648014802
146.4,0.11770513145428627,0.13098880062739315
146.5,0.11788544412008745,0.13093091452114552
146.6,0.11747800954665429,0.13052162989722332
146.7,0.11767347467612603,0.13065061063206374
146.8,0.11747399857546632,0.13049900180599905
146.9,0.11760820188959166,0.13064301674117546
147.0,0.11701272487831926,0.13012021377574992
147.1,0.11704728569213273,0.1301699780674166
147.2,0.11693498335222018,0.13019789818433605
147.3,0.11710218823122807,0.13031281544944096
147.4,0.11694366193636074,0.13025164294397626
147.5,0.11700846690161369,0.13032420431929626
147.6,0.11716226587336902,0.1304916526219648
147.7,0.11739361616542378,0.13061456993433598
147.8,0.1174323897195024,0.13063886339361208
147.9,0.11781308976426157,0.1308260476483773
148.0,0.11758120722005129,0.1306053464825835
148.1,0.11731420319363961,0.13045243636406204
148.2,0.11732278577031717,0.13055596320811474
148.3,0.11706586766894012,0.1303482632671812
148.4,0.11742316889681062,0.1305981780610265
148.5,0.1171864308186197,0.13043053487301084
148.6,0.117378643952042,0.13055684270963033
148.7,0.11724825349932791,0.1304772985066577
148.8,0.11716439028073554,0.13031237557248287
148.9,0.11707546674977867,0.13037440808318523
149.0,0.11703852535010371,0.1302887560289899
149.1,0.11716570777941862,0.13027906463188663
149.2,0.11708464037866739,0.1303856699658715
149.3,0.11720818772635187,0.13032169114648798
149.4,0.11744394993043211,0.13073049817947532
149.5,0.11765191806132104,0.13080885176403606
149.6,0.11788974823150383,0.1308201578567977
149.7,0.11788097950554677,0.13085871371766633
149.8,0.11790814525989317,0.13092051827091244
149.9,0.1179782182159199,0.131154301105211
150.0,0.11805481896480753,0.13117876995140867
150.1,0.1178721496222805,0.13111081012145373
150.2,0.11791322336142865,0.1310914199337808
150.3,0.11787845494329206,0.13085734920186565
150.4,0.1175904674216303,0.1306813051700844
150.5,0.1176973058191141,0.13080989247868752
150.6,0.11762140536212035,0.13084639904637285
150.7,0.11751381417656656,0.13047832353301425
150.8,0.11684160839304261,0.1301068444582459
150.9,0.11680861282908557,0.12982217274017255
151.0,0.11683013689226328,0.13008981653595955
151.1,0.1166059612756566,0.1298506354840055
151.2,0.11650065093071081,0.13004037469366297
151.3,0.11698263226849047,0.1302648598396565
151.4,0.11717323563628215,0.13051422424964915
151.5,0.11715859941637446,0.13047379793615582
151.6,0.11694397894834238,0.1301670475891528
151.7,0.11694700362786453,0.1301580784028949
151.8,0.11727431606625115,0.13061657837764004
151.9,0.11739046278336959,0.13038338929959054
152.0,0.1173464484383067,0.1306008771563464
152.1,0.11770387459742808,0.13075602621764992
152.2,0.11772974925045959,0.13073987518394123
152.3,0.11741378513798008,0.13063991778842576
152.4,0.1171160683691619,0.13045974776704253
152.5,0.11723664309783913,0.13036353668432155
152.6,0.11741584308819462,0.130641930019684
152.7,0.11742220961650299,0.1305888356001366
152.8,0.1176425995279004,0.13059401984680497
152.9,0.1176060280589361,0.13056803243709278
153.0,0.11758839489452291,0.13055132337857014
153.1,0.11735572454497907,0.1305230128783938
153.2,0.11738677498015036,0.13042362724049839
153.3,0.11745204231901567,0.13055001635081687
153.4,0.11760779277660448,0.1306390905724692
153.5,0.1175208289189725,0.13062444926099123
153.6,0.11772258928947721,0.1307240188681298
153.7,0.11792451647720331,0.13080092044417824
153.8,0.11779531862153585,0.13080873468341037
153.9,0.11753421905875548,0.13076836983662035
154.0,0.11756324281610303,0.13068591758513634
154.1,0.11751645578631181,0.13071572972300996
154.2,0.11753517246407562,0.1305681104919863
154.3,0.11733431764468467,0.13055755974835132
154.4,0.11768328472075892,0.1307055794566091
154.5,0.11770546756248522,0.13074858016292032
154.6,0.1178873342732167,0.13096714851019356
154.7,0.11797753443171168,0.13101423470276774
154.8,0.11801007564156851,0.13119145556386344
154.9,0.11807459279664657,0.13103078416035974
155.0,0.11762499530277387,0.13069947225033038
155.1,0.11764400883472224,0.13059892251922736
155.2,0.11780786180159464,0.1308907234307176
155.3,0.11791905248842897,0.13091262284975133
155.4,0.11793772740502846,0.1309046888080538
155.5,0.11779193007881497,0.13082429416785812
155.6,0.11775776541047522,0.13070894886657394
155.7,0.11774344865984593,0.13073517697988793
155.8,0.11725417863099896,0.13053958535134744
155.9,0.11758706599110784,0.13075535697397256
156.0,0.1179570798161221,0.13090984370443481
156.1,0.11804331122740463,0.13098094981193611
156.2,0.11809942016082166,0.13108581803128047
156.3,0.1178664865329055,0.13096788354521968
156.4,0.11800102386601437,0.13096612406671343
156.5,0.11770737481723594,0.13084455359683145
156.6,0.11763745427172649,0.13077739267406963
156.7,0.11762825687403619,0.13066165609964014
156.8,0.11775691163743582,0.13063928527444937
156.9,0.11770102695387598,0.13061903109912562
157.0,0.11760392970870039,0.1305030578953418
157.1,0.1174978934942631,0.13048283280707385
157.2,0.11744048259995066,0.13055070044268652
157.3,0.11762660642579105,0.1305045960726957
157.4,0.11721593588739954,0.13013765899164725
157.5,0.11719434588273386,0.13010762288901623
157.6,0.11732277038448027,0.13023885037146732
157.7,0.11712115660183728,0.13026212842619309
157.8,0.11724396034885276,0.13027677695792947
157.9,0.11720282889708655,0.1302176558555237
158.0,0.11729827457260561,0.13040495429424953
158.1,0.11739615953109211,0.130429341613292
158.2,0.11726871541051986,0.1303507000554376
158.3,0.1174421276326193,0.13049106126345072
158.4,0.11761911522675932,0.13050272521806963
158.5,0.11749663995944905,0.13035806475957787
158.6,0.11717636717943834,0.1303652682141975
158.7,0.11731218499934493,0.1302709658512249
158.8,0.11726823781524767,0.1304474986404104
158.9,0.11740049648215403,0.13043842653909804
159.0,0.1171337985038242,0.13037999001837636
159.1,0.11729094383320057,0.13038236424376096
159.2,0.11722965928778326,0.13055996880538737
159.3,0.11725646319500192,0.13057494590022609
159.4,0.11743099657397064,0.130362527351068
159.5,0.11746100941686499,0.13059691762681777
159.6,0.11741624815010657,0.13072995868105725
159.7,0.11752587283941757,0.13076264688071115
159.8,0.11748615034239382,0.1307185395848689
159.9,0.11750706784830528,0.13072765191642483
160.0,0.11757966425353399,0.13063027862134693
160.1,0.11748540255047576,0.13056124224815782
160.2,0.11752459094219157,0.13058890084378064
160.3,0.1176363911845588,0.13081824815089713
160.4,0.11771449070435358,0.13085397916998476
160.5,0.1173411372326675,0.13052405034974515
160.6,0.11698899001712443,0.1303377768081354
160.7,0.11713899646012634,0.13039845278050982
160.8,0.11704498776601231,0.13037734010751192
160.9,0.1167546044138047,0.13009067621306394
161.0,0.11665825988285376,0.12993727890840676
161.1,0.11689863464396225,0.13032356638522533
161.2,0.11696570468658335,0.13033026910461512
161.3,0.11651232423271142,0.1300397092967239
161.4,0.11663255676703446,0.130245315134539
161.5,0.116798174185964,0.13033178712737117
161.6,0.11671009825084838,0.13023706389031747
161.7,0.11697540716317956,0.13035471016342384
161.8,0.11688509738558134,0.13038698725692469
161.9,0.1164585649960328,0.13009138833614714
162.0,0.1166115180345192,0.13001731514955459
162.1,0.11672405561797519,0.13026117722563346
162.2,0.11664537465408419,0.13015329255423402
162.3,0.11706649033668474,0.130469931839135
162.4,0.116980886223062,0.13042131084335185
162.5,0.11706588821658485,0.1303978626641213
162.6,0.11695640224732219,0.13027139654937606
162.7,0.11702857269262455,0.13033008531288595
162.8,0.11687865390672685,0.13019888216626085
162.9,0.11679705679496823,0.13036131705892373
163.0,0.1168846901927573,0.13054226174676267
163.1,0.11661939911264901,0.13005935886987838
163.2,0.11635297308843602,0.1298195937218731
163.3,0.11677086293212875,0.13015451911874423
163.4,0.11693150378841011,0.13017433131846098
163.5,0.11673208540740303,0.1301643983382067
163.6,0.1167721830673017,0.13023476315663823
163.7,0.11667287651543119,0.13007410515422965
163.8,0.1169216045037912,0.13017568144965558
163.9,0.11655332475057793,0.12999066149629954
164.0,0.116617548288261,0.13009197583369692
164.1,0.11676812943893955,0.13007839548171635
164.2,0.11655876955528835,0.1298722212535778
164.3,0.11645460720126827,0.12978406026793848
164.4,0.11669960228801778,0.13001714007394008
164.5,0.1168487052097109,0.13016183447269658
164.6,0.11644911625529332,0.12997676604914785
164.7,0.11663454068713079,0.13001305731922488
164.8,0.11690530314680683,0.13030713554924173
164.9,0.11711988694127273,0.13020989605378747
165.0,0.11697552523853526,0.1301490896290099
165.1,0.11691421737670443,0.13016929607386082
165.2,0.11684890076042417,0.13003394792636724
165.3,0.11678330131863977,0.13011918666376102
165.4,0.11681884213153136,0.12997825235704855
165.5,0.11676383381000793,0.12995637342352814
165.6,0.1167930581053019,0.13005153817984927
165.7,0.11704977261188956,0.13024994695121786
165.8,0.11700046718773333,0.1303046617206171
165.9,0.11727676476717605,0.13044715472250923
166.0,0.11717492770781399,0.13041999160712095
166.1,0.11700052012575124,0.13004820373705162
166.2,0.11709225757119845,0.13013962871988619
166.3,0.1170063401418124,0.13009504501645053
166.4,0.11714589479410926,0.1303235135233497
166.5,0.11738710207745183,0.13048605581633382
166.6,0.11756043528318662,0.13063989479758106
166.7,0.11734876012165571,0.13042162512455532
166.8,0.11746209684511956,0.13065354359022255
166.9,0.11745287002806226,0.13067365148557747
167.0,0.1173278527328629,0.1304836772409832
167.1,0.11757438279891747,0.13082031363983046
167.2,0.11756492955588721,0.13085950244207203
167.3,0.11760633838081457,0.13078440713084047
167.4,0.11774432652999692,0.13079572711957366
167.5,0.11772836749371596,0.13070492087998697
167.6,0.11755064969605333,0.13053293031404936
167.7,0.11755195458137156,0.1304346523763877
167.8,0.11758209095477802,0.1305938172783621
167.9,0.11753680039439336,0.13059793450405247
168.0,0.11782664901603561,0.13072567099960686
168.1,0.11752939892185718,0.1305101561882569
168.2,0.11759059864046074,0.130400076475077
168.3,0.11747264100685363,0.13063843476311185
168.4,0.11747524535490554,0.1304435807078958
168.5,0.1168948682485782,0.13021947052565402
168.6,0.11715181458015662,0.13041830996340678
168.7,0.11724145210648694,0.13042048706374193
168.8,0.11701079341200539,0.13026906523070184
168.9,0.1165564035690926,0.13005006903371513
169.0,0.11664577394421574,0.12984209345583475
169.1,0.11629204339922232,0.12963164383610848
169.2,0.11600319026806148,0.12948412400518017
169.3,0.11599018218881259,0.1294765045880188
169.4,0.11585613277612475,0.1292803773402027
169.5,0.11577557844919363,0.12911458154380787
169.6,0.11568854223178492,0.12899979071488518
169.7,0.11580645768876371,0.12906153603626327
169.8,0.11554224093913296,0.1289931376934342
169.9,0.11557859220339727,0.12896390097166255
170.0,0.11548212999582536,0.1287446391697899
170.1,0.1156220410114906,0.1289409990954614
170.2,0.11579339937083308,0.1291038469510532
170.3,0.11579621910003608,0.12915400154181053
170.4,0.11571279258031092,0.1290912932041233
170.5,0.11555014947656843,0.12893939028489437
170.6,0.11557121817768129,0.1289828362419468
170.7,0.11585545733475976,0.1292517699323622
170.8,0.11603027989848529,0.12940662818249268
170.9,0.11628451415896328,0.12955262908780235
171.0,0.11639553861440192,0.1296713447361633
171.1,0.11619201684326202,0.1296010553206311
171.2,0.11622339581553999,0.1296261982373474
171.3,0.11623387825202808,0.1294509864992495
171.4,0.11591796505364764,0.12909289097323307
171.5,0.1157867792257218,0.12925257314444108
171.6,0.11610650092186803,0.12960173562447452
171.7,0.11595975911589984,0.12923913152939398
171.8,0.1161792807167849,0.12934542185640063
171.9,0.11584630850069141,0.12945792231583428
172.0,0.11639402453012528,0.1296324990000323
172.1,0.11635949817211605,0.12956362999170012
172.2,0.11635614574143814,0.129515076378888
172.3,0.11651778693504583,0.129655639544431
172.4,0.11681398000594126,0.1296402282692781
172.5,0.11668923728033921,0.12977052245840937
172.6,0.1166850305806042,0.129784220787472
172.7,0.11682631427441084,0.1300316738711469
172.8,0.11693597676115361,0.129923873355803
172.9,0.11682131503711231,0.1297484041718005
173.0,0.11660034186566168,0.12962955967845438
173.1,0.11649821258252313,0.12960524003932414
173.2,0.11629947762929334,0.12951755869313125
173.3,0.11625301298150652,0.12937105417979367
173.4,0.11627951873238512,0.129325263601019
173.5,0.1162593261020835,0.12954439597578707
173.6,0.11621402855145081,0.12928831211349315
173.7,0.11597087654860701,0.12930664431747918
173.8,0.11627217521772819,0.1294700936679361
173.9,0.11652021269765343,0.12968499455744803
174.0,0.11637508121703029,0.1297008872923739
174.1,0.11647718314252713,0.1294807592756008
174.2,0.11622330076637154,0.12946463984900966
174.3,0.11579461360590311,0.12918224354456398
174.4,0.11581171658537855,0.12916880632136132
174.5,0.1157082423200381,0.1292112978582578
174.6,0.11587743645960227,0.12925076659226384
174.7,0.11626729401724394,0.1294678343658346
174.8,0.11625571992388413,0.12950305468360881
174.9,0.11637385792838821,0.12977023553813694
175.0,0.11657781985463027,0.12966113798225007
175.1,0.11676532250269125,0.12983797979920803
175.2,0.11672029753632114,0.1298154958871112
175.3,0.11679724787549099,0.12990899615612855
175.4,0.11681289287743035,0.12971258245975745
175.5,0.11685105859387226,0.12974789812358783
175.6,0.11629507679013124,0.12939060124243426
175.7,0.11590768120572179,0.12919167476874732
175.8,0.11612165443656408,0.12925096726086013
175.9,0.11625079051636182,0.1293809452826528
176.0,0.1162602888699975,0.12951368238158595
176.1,0.11621784192178061,0.12933075511451814
176.2,0.11645150006621827,0.12937724584337715
176.3,0.1164703506070134,0.12950260445277054
176.4,0.11641567894174673,0.12938884955416105
176.5,0.11644751651863418,0.12940159802096862
176.6,0.1167689987074285,0.12957914789543995
176.7,0.11657797772930475,0.1296647668837589
176.8,0.11668139962738763,0.1296745393469018
176.9,0.11704939248994564,0.12984230370120478
177.0,0.11668035023255927,0.12966939116428625
177.1,0.11699022827438693,0.1298021280713725
177.2,0.11691950177017195,0.12967135581495406
177.3,0.11624019475012361,0.12923375665396214
177.4,0.11567798472076689,0.1289329285783371
177.5,0.11567797617856274,0.12884997127375072
177.6,0.11599939741382365,0.1291829292049948
177.7,0.11605511847274115,0.12933093941611487
177.8,0.11587457779255142,0.12926318548806778
177.9,0.11611355046986926,0.12915589617568185
178.0,0.11608690987802195,0.12923378565207874
178.1,0.11611495567833077,0.12911207271331648
178.2,0.1161747200269476,0.1293590438213884
178.3,0.11634559359167367,0.12950834534763508
178.4,0.11650436521409513,0.1295992970980527
178.5,0.11638482535618115,0.1295903255729316
178.6,0.11667578814731518,0.12978373677881466
178.7,0.1163793120239458,0.1295032516009097
178.8,0.11627465322776036,0.12955385793324195
178.9,0.11621219321230246,0.12934240809677694
179.0,0.11650179915353906,0.1294530512739567
179.1,0.11650864744566075,0.12940253385110298
179.2,0.11623436441489299,0.12921598027105308
179.3,0.11616033635896816,0.1291770259248056
179.4,0.1160562479035027,0.1290950553707394
179.5,0.11595592489495471,0.12894193323720446
179.6,0.11576981514158577,0.12895799027217114
179.7,0.11568210504013432,0.128791246241097
179.8,0.11570727473069409,0.1288644709110724
179.9,0.11574466426621684,0.12888120865595196
180.0,0.11536188213241934,0.12855889041350863
180.1,0.11544328571722944,0.12879205633789545
180.2,0.11556089550346113,0.12888266354764616
180.3,0.11556315689855501,0.12865806676051617
180.4,0.11559007066977624,0.12875468364335377
180.5,0.11582024318829695,0.12884055445130033
180.6,0.11578979658185991,0.12899751535231435
180.7,0.11589644957845215,0.12905138572575534
180.8,0.11604563224846001,0.12913051860125133
180.9,0.11662236582924111,0.12942556734012883
181.0,0.11641692636926668,0.12920279726985107
181.1,0.11603187049861034,0.12898851592377908
181.2,0.11563464911917862,0.128833789628598
181.3,0.11613786312981833,0.12897856497993143
181.4,0.11603360274533103,0.12904970495646725
181.5,0.11606666061281404,0.12918207430830758
181.6,0.1160767580563091,0.12920161030530256
181.7,0.11621263656844277,0.12919434967088902
181.8,0.116007476461726,0.12908726396421413
181.9,0.11621795371372162,0.12924534485458447
182.0,0.11646065343632232,0.12930348760132224
182.1,0.11651062671526277,0.12941799171803495
182.2,0.11644741257824408,0.12945325610601416
182.3,0.1164132952896992,0.12945959078854713
182.4,0.11657087164560763,0.12948555158733935
182.5,0.11628843331332085,0.12940784153360657
182.6,0.1162993644145655,0.12929643015842782
182.7,0.11644785014621646,0.129317665947397
182.8,0.11625698472555443,0.12929841918554522
182.9,0.11591680636516102,0.12885201264403875
183.0,0.11579433567237589,0.1288354648673098
183.1,0.11560991212902291,0.1287997180696842
183.2,0.11588634701069435,0.12913997071004896
183.3,0.11561188912324138,0.12877071154722355
183.4,0.11585281168433238,0.12904287216658472
183.5,0.11582376761751312,0.12888138627856155
183.6,0.11597322444430234,0.12898579174326422
183.7,0.11604418186489299,0.1290488387603954
183.8,0.11621446161490198,0.1290515008157178
183.9,0.11640545665972027,0.12932615044596016
184.0,0.11646198671838454,0.12931023464843408
184.1,0.11607046075283012,0.1291190237014826
184.2,0.11570063056075139,0.12876602438343718
184.3,0.11563123719246145,0.12870228713790186
184.4,0.11595134551986043,0.12896518846205623
184.5,0.11587468103771587,0.12891639111992564
184.6,0.11589910864684191,0.12905002838590326
184.7,0.11610980215429029,0.12910819505629273
184.8,0.11641428547267592,0.12930422643267256
184.9,0.11622724009096766,0.12919939035653513
185.0,0.1164803215226927,0.1293257653401277
185.1,0.11651018784523307,0.12935786406475597
185.2,0.11682619129245901,0.12957274740417163
185.3,0.11680352508054394,0.12954155824582098
185.4,0.11675481128811571,0.12941466062939072
185.5,0.11655855493241887,0.12945475181780774
185.6,0.11658951013035931,0.12947160056255935
185.7,0.11628717549008084,0.12922962327599644
185.8,0.11598592225698082,0.12904238236792911
185.9,0.11592792133519676,0.12897066383415257
186.0,0.11582582565258001,0.1287878632346805
186.1,0.11574365467651912,0.12878471273020167
186.2,0.11548380462758408,0.1285100371805909
186.3,0.1155426985141627,0.12848898488323338
186.4,0.11572223953801421,0.12878372180977238
186.5,0.11584188242314775,0.1290122480936214
186.6,0.11608066184760439,0.12891233196636728
186.7,0.11603142997924418,0.12879568347867065
186.8,0.11607619675416771,0.1288388016967728
186.9,0.11597421044495632,0.1288490605698871
187.0,0.1159712559412832,0.12885537796951393
187.1,0.11579526060860218,0.12874781639515326
187.2,0.11582298514229847,0.12884640456678806
187.3,0.11598013503967662,0.12897633938423966
187.4,0.11610201738771438,0.12885056887478566
187.5,0.11634091331019272,0.1290187842420215
187.6,0.11647834182107325,0.12910939366904173
187.7,0.11661832965737794,0.12925216904287362
187.8,0.116676374902747,0.12917416922208486
187.9,0.11653088327401846,0.1292788880528207
188.0,0.11639942224792402,0.1291412330205498
188.1,0.11635327668001179,0.1291014599812533
188.2,0.11632875557485914,0.12908376832151686
188.3,0.11628528232436774,0.12919720887459732
188.4,0.1162387053024831,0.12919426359891034
188.5,0.11610708698542845,0.12896278858862675
188.6,0.11591036671012842,0.12875403643046027
188.7,0.11584209393587273,0.12852872537990792
188.8,0.11543818685907105,0.12827949140199973
188.9,0.1152545146722036,0.12815512374386442
189.0,0.11539570160812618,0.1282406799486969
189.1,0.11547402600009503,0.1282332271756604
189.2,0.11553496417749513,0.12827037233242433
189.3,0.1156700215914447,0.12842230502681626
189.4,0.11582793430031604,0.12847554286080506
189.5,0.11583999325276068,0.1285255377498581
189.6,0.1159306774587407,0.12855929439589642
189.7,0.11605640017020749,0.12876630359857852
189.8,0.1159902259545774,0.12869239677503722
189.9,0.11613511801101974,0.12885082936427342
190.0,0.11585789333893352,0.12842593654371073
190.1,0.11606395144126055,0.1283546982998391
190.2,0.11591625070719921,0.12835299408437875
190.3,0.11601495989508794,0.12833367300424356
190.4,0.1157374925926355,0.1282575031612371
190.5,0.11555911814875304,0.12814947374479996
190.6,0.11572127986662988,0.12825124967302057
190.7,0.11558860272552272,0.12826593652570556
190.8,0.11594967066250843,0.12840265344916432
190.9,0.11592230273540072,0.1286048168692554
191.0,0.1162462897994836,0.1287699887517296
191.1,0.11613803416696354,0.12874184890485044
191.2,0.11625187416891646,0.12880375650478096
191.3,0.11623644829886819,0.12893663426641871
191.4,0.116363775355929,0.12891394075855714
191.5,0.11628651835030387,0.1288558576324192
191.6,0.11631049619093152,0.12875008756654813
191.7,0.11599837707995503,0.1286736552567831
191.8,0.1158623225622686,0.12842394603961493
191.9,0.11576673676622963,0.12820432571966306
192.0,0.11552855266821994,0.12818118363518877
192.1,0.1155997126479818,0.12831774137837149
192.2,0.11567099247325115,0.12825635673420788
192.3,0.11550124764035641,0.12824177778357918
192.4,0.11569476603637711,0.12823081814505374
192.5,0.11576157879570068,0.1283324759185009
192.6,0.11588560107864364,0.1285613156897534
192.7,0.11593959835052747,0.12855840964232157
192.8,0.11594377135054638,0.12867096240639614
192.9,0.11606726481631165,0.12874821022048913
193.0,0.11616280046271164,0.12869414822452072
193.1,0.11598119565658861,0.128554862156242
193.2,0.11597922292582943,0.12862692786544616
193.3,0.11617020476252717,0.12875048979925804
193.4,0.11603830550989978,0.1287668739887606
193.5,0.11585499084639223,0.12858173866657388
193.6,0.11592478110643369,0.1286258235406137
193.7,0.11580055494011829,0.12851342918236958
193.8,0.11580087929782697,0.12837494779993003
193.9,0.11539302162811377,0.12839445432817684
194.0,0.11545564767872712,0.12833327377417586
194.1,0.11536466960986594,0.12821284518950424
194.2,0.11558003090736557,0.12829979106968467
194.3,0.11569913202952821,0.12820980339906063
194.4,0.1157958936192722,0.12842988860933585
194.5,0.11573212272415243,0.1283192962968787
194.6,0.1156252659651973,0.12822492576637917
194.7,0.1155740678456454,0.1281240331566415
194.8,0.11571150712987786,0.12840306846456992
194.9,0.11574163299905489,0.12835930062522027
195.0,0.11572116948067823,0.12830467953037272
195.1,0.11607076631447351,0.128486887719629
195.2,0.11605130381391138,0.12847269944122128
195.3,0.11595108034464456,0.12844942411319715
195.4,0.11605852187379963,0.12858470846589903
195.5,0.11595745365636542,0.1286458602420676
195.6,0.11640714231531092,0.12892869403574547
195.7,0.11658244249193123,0.12901143740423543
195.8,0.11654291073149059,0.12881916453563072
195.9,0.11648291047806825,0.12896744904860727
196.0,0.11637939817956125,0.1289111219041131
196.1,0.11649144802860448,0.1288875188281357
196.2,0.11628196686656002,0.1288949362239852
196.3,0.11647696746019694,0.12894718357382143
196.4,0.11636037937454294,0.12895032491707192
196.5,0.11603051518246385,0.12844985577970844
196.6,0.11585410843168825,0.12851997186973396
196.7,0.11588664345170693,0.12833840709408453
196.8,0.11590652862072205,0.12845935641812772
196.9,0.11585935659912289,0.12856178758535158
197.0,0.11606619458603622,0.12862208381659618
197.1,0.11621485333745794,0.12877957376903074
197.2,0.11637354151535428,0.12891355004535188
197.3,0.11630265006958417,0.12889508117869267
197.4,0.1163751184986205,0.12895334924374288
197.5,0.11650264440057478,0.1289616572069186
197.6,0.11653200484671182,0.12913538544072936
197.7,0.11654545196431926,0.12900499515584035
197.8,0.11666048351809835,0.12913432603300737
197.9,0.11674061009655473,0.1291497957065558
198.0,0.11665276105772633,0.1290937420022094
198.1,0.116420986415772,0.1289652917155553
198.2,0.11649843599788032,0.1290626442768958
198.3,0.11646833305777646,0.129020539638635
198.4,0.11637660187994758,0.1289820479674538
198.5,0.11620838827409873,0.1290348841295338
198.6,0.11640500403728958,0.12902697609430308
198.7,0.11638318976952232,0.1289569232996814
198.8,0.11641146222164966,0.1290337786823589
198.9,0.1164155812739026,0.1291069557257941
199.0,0.11660295920227925,0.12906989309431793
199.1,0.11638748683832048,0.12904184106442218
199.2,0.11632374604173988,0.12907293490953753
199.3,0.11646125703692511,0.12910226176079373
199.4,0.11641321785120223,0.1290845259387416
199.5,0.11647028074187321,0.12909764887361946
199.6,0.11635233289509218,0.12901078015829154
199.7,0.11655614551878933,0.1290585734499525
199.8,0.11630490409155178,0.12903889236233843
199.9,0.1165057170094886,0.1289758622743985
200.0,0.11622374228680483,0.12871866720182026
200.1,0.11612263167262281,0.12872725141902616
200.2,0.11618042218593308,0.12870220785616038
200.3,0.11631485514357383,0.12895676596201275
200.4,0.11641813244001316,0.12897991430132622
200.5,0.11648971225943064,0.1289061591977925
200.6,0.11672131915446603,0.12896248253514767
200.7,0.1165848579098524,0.1290811766334625
200.8,0.1166424975985762,0.12899924665231952
200.9,0.11659480079222952,0.1289931877567679
201.0,0.11678651833253234,0.12917021420883643
201.1,0.11660081618997407,0.1290213508996354
201.2,0.11637997778860872,0.12900321671418818
201.3,0.11606247536623066,0.12876856578779278
201.4,0.11592812676714655,0.12862968721864468
201.5,0.11597404058080579,0.1285717787398831
201.6,0.11575307691547096,0.12840200387542797
201.7,0.11569250227561077,0.128542242785346
201.8,0.11565219529554634,0.12855396212101175
201.9,0.11559071193610278,0.1286201394889356
202.0,0.1154610272156019,0.12835649285197714
202.1,0.11530218605383234,0.12823678167954947
202.2,0.11526950530737122,0.1283936272181632
202.3,0.11543996752122242,0.12830209375312226
202.4,0.11578860062051499,0.12854598795419686
202.5,0.11608994697561155,0.12898857021761864
202.6,0.11632610174308386,0.12916573763412023
202.7,0.11639676523142949,0.12917043904233988
202.8,0.11628030726470645,0.12917265705362296
202.9,0.11628959218067625,0.12899480729202417
203.0,0.11637098735882218,0.12900653841463278
203.1,0.11631077025090554,0.1291235726487565
203.2,0.11660020420077523,0.12916086315509293
203.3,0.11681402636317494,0.1294835245446778
203.4,0.11678839567602062,0.12934357669244764
203.5,0.11653984548386828,0.12926317605115303
203.6,0.11636244571399429,0.12915266476643258
203.7,0.11648920745257038,0.12918345254383345
203.8,0.1165093095892794,0.12912356491220783
203.9,0.11633230962366414,0.128866021732691
204.0,0.11612386947200556,0.12869923250367285
204.1,0.11582382286239698,0.12864264587644794
204.2,0.11590130222336587,0.12868469036899188
204.3,0.11614441943226171,0.1288254003620859
204.4,0.11629480469201434,0.12896098647902357
204.5,0.11620176430775553,0.1288564242655277
204.6,0.1161244268448506,0.12872111146488696
204.7,0.11599779107884838,0.12856933591579045
204.8,0.11598677974416689,0.1286371716232227
204.9,0.11609109751004072,0.12861744267358727
205.0,0.11612523306623028,0.1289123772538834
205.1,0.11630188179289828,0.12883971918125148
205.2,0.11614421572891513,0.12883828379180237
205.3,0.1160316614590866,0.12858930247968947
205.4,0.11574377107258327,0.12845177170829844
205.5,0.11570715090673311,0.12837523962693095
205.6,0.11585511172042354,0.12845536653943318
205.7,0.11587668347157587,0.1284027252889113
205.8,0.11588054453072802,0.12864633721747434
205.9,0.11597911189534532,0.12849527692808513
206.0,0.1161315816130862,0.12868416777771155
206.1,0.11625183434325909,0.12873925594096025
206.2,0.11617423946919367,0.12871836918307275
206.3,0.11626185830399927,0.12877225234308978
206.4,0.1162109998731972,0.12881088561063034
206.5,0.11637995529606734,0.12889083351253114
206.6,0.11624058066834526,0.12880225062277206
206.7,0.11610789554432106,0.12880851842018579
206.8,0.11593908134536868,0.1286601157664181
206.9,0.11609537299783566,0.1286922252387469
207.0,0.1161460889282716,0.1287105168134815
207.1,0.11614212058852312,0.12869046376304877
207.2,0.11619038978939682,0.1288379545474803
207.3,0.11644014366827796,0.1288702477834071
207.4,0.11653603451386127,0.12891290380406045
207.5,0.11638006126271508,0.12885727776089603
207.6,0.11653490273867458,0.1289633890471983
207.7,0.11644784186397565,0.12901210696701057
207.8,0.11651710361670356,0.12901114714292125
207.9,0.11668146530602576,0.12906954909346222
208.0,0.1166144232236454,0.12901432463882279
208.1,0.11643454949829278,0.12912628685166322
208.2,0.11637638983692432,0.12893641450897
208.3,0.11643695670352075,0.1291055760024179
208.4,0.11646678705048899,0.12891346168052867
208.5,0.11657597086473553,0.12906312616487986
208.6,0.11679802033623948,0.12918022126059553
208.7,0.11654872545804645,0.1291802873848962
208.8,0.11674422821838075,0.12920108773636083
208.9,0.11667713570448922,0.12922862615067765
209.0,0.11659182081079675,0.12917715668291518
209.1,0.11656418215542191,0.129204063950623
209.2,0.11663020232995419,0.12924127128484306
209.3,0.11660061523919443,0.12937826798161875
209.4,0.1164921482903228,0.12906540766649344
209.5,0.11660879699624709,0.1290666397161334
209.6,0.11665496358078213,0.12890089979782485
209.7,0.11659594925366175,0.1290188183538556
209.8,0.11628554308205619,0.12875267270015006
209.9,0.1160237682292229,0.12859705987679768
210.0,0.11597488795509253,0.12861955246372042
210.1,0.11612371080507645,0.1285797008278045
210.2,0.11608359690228401,0.12855879920201851
210.3,0.1161637935318769,0.12857907507223806
210.4,0.1161328197609726,0.12865729125008576
210.5,0.11599390997143735,0.12854339323708666
210.6,0.11588343622228993,0.12851723166325382
210.7,0.11599121172386882,0.12860986663003576
210.8,0.1159952487599598,0.1285444418258873
210.9,0.11590618224225253,0.1284596498066801
211.0,0.11584590636319765,0.1284609020421455
211.1,0.11581302956303824,0.12841441913841367
211.2,0.11596662142085047,0.12842385403845408
211.3,0.11611416177346982,0.12852930672177248
211.4,0.11608342048681361,0.12860815978139417
211.5,0.11631727089160697,0.1287815831857297
211.6,0.1162624158982886,0.12869455929253978
211.7,0.11602508612702968,0.1286069622514371
211.8,0.11641083470771331,0.1286001764978858
211.9,0.11615787822581594,0.1286776946864812
212.0,0.11607569292767164,0.12872436308396865
212.1,0.11577823209153093,0.12840205294500004
212.2,0.1159636227098014,0.12844779393453015
212.3,0.11609857154588073,0.12863441182109697
212.4,0.11630202929180235,0.12858032847337006
212.5,0.11636014483712881,0.12885903907084528
212.6,0.11646908958052483,0.128844650510669
212.7,0.11646927826357147,0.12906726872070307
212.8,0.11696848063293606,0.12915401525313763
212.9,0.11696919015097103,0.12910977280905772
213.0,0.1168190955507484,0.12902423456108117
213.1,0.11674678943790517,0.1290083056301824
